,Unnamed: 0,User,Tweet,Polarity Score,Neutral Score,Negative Score,Positive Score,Sentiment
0,0,SamScard3,"@OllieHoward91 @IMPASTAW @sportbible Youâ€™re* and since when did anyone include agents fee and other costs on top of the transfer fee? When sancho signed for united this wasnâ€™t the case, people only mentioned his transfer fee and for halaand his release clause was 51.1",0.5574,0.901,0.0,0.099,Positive
1,1,_Wytcloud,"RT @TheRealDanielW3: Sancho had a higher transfer fee than haaland, is on higher wages than haaland and also signed a 5 year contract. Wherâ€¦",0.0,1.0,0.0,0.0,Neutral
2,2,DL1886_,"RT @TheRealDanielW3: Sancho had a higher transfer fee than haaland, is on higher wages than haaland and also signed a 5 year contract. Wherâ€¦",0.0,1.0,0.0,0.0,Neutral
3,3,sympli_city,"RT @TheRealDanielW3: Sancho had a higher transfer fee than haaland, is on higher wages than haaland and also signed a 5 year contract. Wherâ€¦",0.0,1.0,0.0,0.0,Neutral
4,4,KayLuder,"Nah weâ€™re not doing this lool we are looking at the transfer FEE. Wages can be picked on after a season when we can judge performances. 60m on Fred 80m on fridge, 50m on AWB, 80 for Sancho should we calculate their wages as well by their contract? Cause letâ€™s talk about Rashy lol https://t.co/nga7xBMLpo",0.5423,0.89,0.024,0.086,Positive
5,5,Kene__,"RT @TheRealDanielW3: Sancho had a higher transfer fee than haaland, is on higher wages than haaland and also signed a 5 year contract. Wherâ€¦",0.0,1.0,0.0,0.0,Neutral
6,6,KevTweet13,"RT @TheRealDanielW3: Sancho had a higher transfer fee than haaland, is on higher wages than haaland and also signed a 5 year contract. Wherâ€¦",0.0,1.0,0.0,0.0,Neutral
7,7,marcoetalx,"RT @TheRealDanielW3: Sancho had a higher transfer fee than haaland, is on higher wages than haaland and also signed a 5 year contract. Wherâ€¦",0.0,1.0,0.0,0.0,Neutral
8,8,Mwambalupiyaa,"RT @TheRealDanielW3: Sancho had a higher transfer fee than haaland, is on higher wages than haaland and also signed a 5 year contract. Wherâ€¦",0.0,1.0,0.0,0.0,Neutral
9,9,JoshuaUmoh9,"RT @TheRealDanielW3: Sancho had a higher transfer fee than haaland, is on higher wages than haaland and also signed a 5 year contract. Wherâ€¦",0.0,1.0,0.0,0.0,Neutral
10,10,uncle_suruu,"RT @TheRealDanielW3: Sancho had a higher transfer fee than haaland, is on higher wages than haaland and also signed a 5 year contract. Wherâ€¦",0.0,1.0,0.0,0.0,Neutral
11,11,israel_cata,"RT @TheRealDanielW3: Sancho had a higher transfer fee than haaland, is on higher wages than haaland and also signed a 5 year contract. Wherâ€¦",0.0,1.0,0.0,0.0,Neutral
12,12,S0undcheck26,"RT @TheRealDanielW3: Sancho had a higher transfer fee than haaland, is on higher wages than haaland and also signed a 5 year contract. Wherâ€¦",0.0,1.0,0.0,0.0,Neutral
13,13,d10mante,"RT @TheRealDanielW3: Sancho had a higher transfer fee than haaland, is on higher wages than haaland and also signed a 5 year contract. Wherâ€¦",0.0,1.0,0.0,0.0,Neutral
14,14,THRAZpilicueta,"RT @TheRealDanielW3: Sancho had a higher transfer fee than haaland, is on higher wages than haaland and also signed a 5 year contract. Wherâ€¦",0.0,1.0,0.0,0.0,Neutral
15,15,theonlyibm,"RT @TheRealDanielW3: Sancho had a higher transfer fee than haaland, is on higher wages than haaland and also signed a 5 year contract. Wherâ€¦",0.0,1.0,0.0,0.0,Neutral
16,16,FunnyGuy_Rai,"RT @TheRealDanielW3: Sancho had a higher transfer fee than haaland, is on higher wages than haaland and also signed a 5 year contract. Wherâ€¦",0.0,1.0,0.0,0.0,Neutral
17,17,RazinRoselan,"RT @TheRealDanielW3: Sancho had a higher transfer fee than haaland, is on higher wages than haaland and also signed a 5 year contract. Wherâ€¦",0.0,1.0,0.0,0.0,Neutral
18,18,vantos_com,"RT @TheRealDanielW3: Sancho had a higher transfer fee than haaland, is on higher wages than haaland and also signed a 5 year contract. Wherâ€¦",0.0,1.0,0.0,0.0,Neutral
19,19,Jonefc007,"RT @TheRealDanielW3: Sancho had a higher transfer fee than haaland, is on higher wages than haaland and also signed a 5 year contract. Wherâ€¦",0.0,1.0,0.0,0.0,Neutral
20,20,davykata17,"RT @TheRealDanielW3: Sancho had a higher transfer fee than haaland, is on higher wages than haaland and also signed a 5 year contract. Wherâ€¦",0.0,1.0,0.0,0.0,Neutral
21,21,sev_tyler007,"RT @TheRealDanielW3: Sancho had a higher transfer fee than haaland, is on higher wages than haaland and also signed a 5 year contract. Wherâ€¦",0.0,1.0,0.0,0.0,Neutral
22,22,Vishalgooner,"RT @TheRealDanielW3: Sancho had a higher transfer fee than haaland, is on higher wages than haaland and also signed a 5 year contract. Wherâ€¦",0.0,1.0,0.0,0.0,Neutral
23,23,sam_bling,"RT @TheRealDanielW3: Sancho had a higher transfer fee than haaland, is on higher wages than haaland and also signed a 5 year contract. Wherâ€¦",0.0,1.0,0.0,0.0,Neutral
24,24,freejaey,@M1VUYO Itâ€™d still be less than what Sancho and De Gea are currently earning. The wages are not a concern anyway. What matters is the transfer fee. 70-80m is a lot considering theres a few players that still need to come in,0.0258,0.972,0.0,0.028,Positive
25,25,iamzinotinto,"@_Samcleave If youâ€™re talking about Limited transfer fee, Man Utd already concluded theyâ€™ll do installment deals with clubs like they did last summer with Sancho and Varane signings, that 70M Euros might be 4 time payment like Sancho deal",0.4767,0.835,0.045,0.119,Positive
26,26,ClockEndBradley,"RT @TheRealDanielW3: Sancho had a higher transfer fee than haaland, is on higher wages than haaland and also signed a 5 year contract. Wherâ€¦",0.0,1.0,0.0,0.0,Neutral
27,27,ericoh111,"RT @TheRealDanielW3: Sancho had a higher transfer fee than haaland, is on higher wages than haaland and also signed a 5 year contract. Wherâ€¦",0.0,1.0,0.0,0.0,Neutral
28,28,AlexSmith002,"RT @TheRealDanielW3: Sancho had a higher transfer fee than haaland, is on higher wages than haaland and also signed a 5 year contract. Wherâ€¦",0.0,1.0,0.0,0.0,Neutral
29,29,FunnyFerna,"RT @TheRealDanielW3: Sancho had a higher transfer fee than haaland, is on higher wages than haaland and also signed a 5 year contract. Wherâ€¦",0.0,1.0,0.0,0.0,Neutral
30,30,jack132_jack,"RT @TheRealDanielW3: Sancho had a higher transfer fee than haaland, is on higher wages than haaland and also signed a 5 year contract. Wherâ€¦",0.0,1.0,0.0,0.0,Neutral
31,31,Nanadebrah84,"RT @TheRealDanielW3: Sancho had a higher transfer fee than haaland, is on higher wages than haaland and also signed a 5 year contract. Wherâ€¦",0.0,1.0,0.0,0.0,Neutral
32,32,SalfordSilvaa,"RT @TheRealDanielW3: Sancho had a higher transfer fee than haaland, is on higher wages than haaland and also signed a 5 year contract. Wherâ€¦",0.0,1.0,0.0,0.0,Neutral
33,33,Keevinem,"RT @TheRealDanielW3: Sancho had a higher transfer fee than haaland, is on higher wages than haaland and also signed a 5 year contract. Wherâ€¦",0.0,1.0,0.0,0.0,Neutral
34,34,Abhi_Musik,"RT @TheRealDanielW3: Sancho had a higher transfer fee than haaland, is on higher wages than haaland and also signed a 5 year contract. Wherâ€¦",0.0,1.0,0.0,0.0,Neutral
35,35,LFemmywiz,"RT @TheRealDanielW3: Sancho had a higher transfer fee than haaland, is on higher wages than haaland and also signed a 5 year contract. Wherâ€¦",0.0,1.0,0.0,0.0,Neutral
36,36,cbacko7,"RT @TheRealDanielW3: Sancho had a higher transfer fee than haaland, is on higher wages than haaland and also signed a 5 year contract. Wherâ€¦",0.0,1.0,0.0,0.0,Neutral
37,37,MAJE5TICcs,"RT @TheRealDanielW3: Sancho had a higher transfer fee than haaland, is on higher wages than haaland and also signed a 5 year contract. Wherâ€¦",0.0,1.0,0.0,0.0,Neutral
38,38,DonMega71878897,"RT @TheRealDanielW3: Sancho had a higher transfer fee than haaland, is on higher wages than haaland and also signed a 5 year contract. Wherâ€¦",0.0,1.0,0.0,0.0,Neutral
39,39,theotherdanni,"RT @TheRealDanielW3: Sancho had a higher transfer fee than haaland, is on higher wages than haaland and also signed a 5 year contract. Wherâ€¦",0.0,1.0,0.0,0.0,Neutral
40,40,SamSton13741567,"RT @TheRealDanielW3: Sancho had a higher transfer fee than haaland, is on higher wages than haaland and also signed a 5 year contract. Wherâ€¦",0.0,1.0,0.0,0.0,Neutral
41,41,jordsmith23x,"RT @TheRealDanielW3: Sancho had a higher transfer fee than haaland, is on higher wages than haaland and also signed a 5 year contract. Wherâ€¦",0.0,1.0,0.0,0.0,Neutral
42,42,Brad__Stewart,"RT @TheRealDanielW3: Sancho had a higher transfer fee than haaland, is on higher wages than haaland and also signed a 5 year contract. Wherâ€¦",0.0,1.0,0.0,0.0,Neutral
43,43,George_white123,"RT @TheRealDanielW3: Sancho had a higher transfer fee than haaland, is on higher wages than haaland and also signed a 5 year contract. Wherâ€¦",0.0,1.0,0.0,0.0,Neutral
44,44,Joshy_ward,"RT @TheRealDanielW3: Sancho had a higher transfer fee than haaland, is on higher wages than haaland and also signed a 5 year contract. Wherâ€¦",0.0,1.0,0.0,0.0,Neutral
45,45,xMCI5,"RT @TheRealDanielW3: Sancho had a higher transfer fee than haaland, is on higher wages than haaland and also signed a 5 year contract. Wherâ€¦",0.0,1.0,0.0,0.0,Neutral
46,46,AdamDawes15,"RT @TheRealDanielW3: Sancho had a higher transfer fee than haaland, is on higher wages than haaland and also signed a 5 year contract. Wherâ€¦",0.0,1.0,0.0,0.0,Neutral
47,47,ThuggerVe,"@Eugwizzy01 @slimsuki_ Did Pogba's â‚¬103.7M move to United include Raiola's cut? Or their â‚¬85M Sancho transfer fee include agent fees and bonuses? Drop the agenda dawg. By this analysis, United payed more for Pogba than City are about to for Haaland. + Haaland has massive resale value.",0.8299,0.712,0.075,0.213,Positive
48,48,prof_ratshihume,"@trevor8sinclair I'm glad you highlighted this on @talkSPORT 

The media reporting is very bias when it comes to man city.....and it's evident here in sancho deal they report transfer fee...in haaland they can't bring themselves to report the actual transfer fee. Pathetic",-0.3384,0.823,0.114,0.063,Negative
49,49,HendrixMCFC,"RT @TheRealDanielW3: Sancho had a higher transfer fee than haaland, is on higher wages than haaland and also signed a 5 year contract. Wherâ€¦",0.0,1.0,0.0,0.0,Neutral
50,50,ManCity20896749,@trevor8sinclair Haaland cost less than Sancho and is on lower wages than Sancho. This is not good for the agenda so they need to figure out ways to put a negative spin on this. Seen some recent reporting with his actual transfer fee as well but I think they have muddied the waters enough by now.,-0.4772,0.874,0.099,0.027,Negative
51,51,CyrilBlose,"RT @TheRealDanielW3: Sancho had a higher transfer fee than haaland, is on higher wages than haaland and also signed a 5 year contract. Wherâ€¦",0.0,1.0,0.0,0.0,Neutral
52,52,dafwilliams95,"RT @TheRealDanielW3: Sancho had a higher transfer fee than haaland, is on higher wages than haaland and also signed a 5 year contract. Wherâ€¦",0.0,1.0,0.0,0.0,Neutral
53,53,AmirulDZG31,"RT @TheRealDanielW3: Sancho had a higher transfer fee than haaland, is on higher wages than haaland and also signed a 5 year contract. Wherâ€¦",0.0,1.0,0.0,0.0,Neutral
54,54,harryforster18,"RT @TheRealDanielW3: Sancho had a higher transfer fee than haaland, is on higher wages than haaland and also signed a 5 year contract. Wherâ€¦",0.0,1.0,0.0,0.0,Neutral
55,55,daffaalmatin,"RT @TheRealDanielW3: Sancho had a higher transfer fee than haaland, is on higher wages than haaland and also signed a 5 year contract. Wherâ€¦",0.0,1.0,0.0,0.0,Neutral
56,56,realserik10,"RT @TheRealDanielW3: Sancho had a higher transfer fee than haaland, is on higher wages than haaland and also signed a 5 year contract. Wherâ€¦",0.0,1.0,0.0,0.0,Neutral
57,57,marliiy_,"RT @TheRealDanielW3: Sancho had a higher transfer fee than haaland, is on higher wages than haaland and also signed a 5 year contract. Wherâ€¦",0.0,1.0,0.0,0.0,Neutral
58,58,craigmills16,"RT @TheRealDanielW3: Sancho had a higher transfer fee than haaland, is on higher wages than haaland and also signed a 5 year contract. Wherâ€¦",0.0,1.0,0.0,0.0,Neutral
59,59,NnasGu,"RT @TheRealDanielW3: Sancho had a higher transfer fee than haaland, is on higher wages than haaland and also signed a 5 year contract. Wherâ€¦",0.0,1.0,0.0,0.0,Neutral
60,60,Mtama__,"RT @TheRealDanielW3: Sancho had a higher transfer fee than haaland, is on higher wages than haaland and also signed a 5 year contract. Wherâ€¦",0.0,1.0,0.0,0.0,Neutral
61,61,CalebTurner97,"RT @TheRealDanielW3: Sancho had a higher transfer fee than haaland, is on higher wages than haaland and also signed a 5 year contract. Wherâ€¦",0.0,1.0,0.0,0.0,Neutral
62,62,SkyBluePep,"RT @TheRealDanielW3: Sancho had a higher transfer fee than haaland, is on higher wages than haaland and also signed a 5 year contract. Wherâ€¦",0.0,1.0,0.0,0.0,Neutral
63,63,damilolahrr,"RT @TheRealDanielW3: Sancho had a higher transfer fee than haaland, is on higher wages than haaland and also signed a 5 year contract. Wherâ€¦",0.0,1.0,0.0,0.0,Neutral
64,64,pradrian7,"RT @TheRealDanielW3: Sancho had a higher transfer fee than haaland, is on higher wages than haaland and also signed a 5 year contract. Wherâ€¦",0.0,1.0,0.0,0.0,Neutral
65,65,bobbyyourbobbyy,"RT @TheRealDanielW3: Sancho had a higher transfer fee than haaland, is on higher wages than haaland and also signed a 5 year contract. Wherâ€¦",0.0,1.0,0.0,0.0,Neutral
66,66,poompze,"RT @TheRealDanielW3: Sancho had a higher transfer fee than haaland, is on higher wages than haaland and also signed a 5 year contract. Wherâ€¦",0.0,1.0,0.0,0.0,Neutral
67,67,GarciaJunior09,"RT @TheRealDanielW3: Sancho had a higher transfer fee than haaland, is on higher wages than haaland and also signed a 5 year contract. Wherâ€¦",0.0,1.0,0.0,0.0,Neutral
68,68,JackSnowden18,"RT @TheRealDanielW3: Sancho had a higher transfer fee than haaland, is on higher wages than haaland and also signed a 5 year contract. Wherâ€¦",0.0,1.0,0.0,0.0,Neutral
69,69,SahiraSays,"RT @TheRealDanielW3: Sancho had a higher transfer fee than haaland, is on higher wages than haaland and also signed a 5 year contract. Wherâ€¦",0.0,1.0,0.0,0.0,Neutral
70,70,JusticeEdoleyi,"RT @TheRealDanielW3: Sancho had a higher transfer fee than haaland, is on higher wages than haaland and also signed a 5 year contract. Wherâ€¦",0.0,1.0,0.0,0.0,Neutral
71,71,Will_Townsend_,"RT @TheRealDanielW3: Sancho had a higher transfer fee than haaland, is on higher wages than haaland and also signed a 5 year contract. Wherâ€¦",0.0,1.0,0.0,0.0,Neutral
72,72,_M2_ML,"RT @TheRealDanielW3: Sancho had a higher transfer fee than haaland, is on higher wages than haaland and also signed a 5 year contract. Wherâ€¦",0.0,1.0,0.0,0.0,Neutral
73,73,mhdra18,"RT @TheRealDanielW3: Sancho had a higher transfer fee than haaland, is on higher wages than haaland and also signed a 5 year contract. Wherâ€¦",0.0,1.0,0.0,0.0,Neutral
74,74,JackH1878,"RT @TheRealDanielW3: Sancho had a higher transfer fee than haaland, is on higher wages than haaland and also signed a 5 year contract. Wherâ€¦",0.0,1.0,0.0,0.0,Neutral
75,75,DenisGerzic,"RT @TheRealDanielW3: Sancho had a higher transfer fee than haaland, is on higher wages than haaland and also signed a 5 year contract. Wherâ€¦",0.0,1.0,0.0,0.0,Neutral
76,76,TemiAnid,"RT @TheRealDanielW3: Sancho had a higher transfer fee than haaland, is on higher wages than haaland and also signed a 5 year contract. Wherâ€¦",0.0,1.0,0.0,0.0,Neutral
77,77,TO1MB,"RT @TheRealDanielW3: Sancho had a higher transfer fee than haaland, is on higher wages than haaland and also signed a 5 year contract. Wherâ€¦",0.0,1.0,0.0,0.0,Neutral
78,78,ozor_a,"RT @TheRealDanielW3: Sancho had a higher transfer fee than haaland, is on higher wages than haaland and also signed a 5 year contract. Wherâ€¦",0.0,1.0,0.0,0.0,Neutral
79,79,FPL_Zim,"RT @TheRealDanielW3: Sancho had a higher transfer fee than haaland, is on higher wages than haaland and also signed a 5 year contract. Wherâ€¦",0.0,1.0,0.0,0.0,Neutral
80,80,MCFC_Buckers,"RT @TheRealDanielW3: Sancho had a higher transfer fee than haaland, is on higher wages than haaland and also signed a 5 year contract. Wherâ€¦",0.0,1.0,0.0,0.0,Neutral
81,81,NUFC_LEW,"RT @TheRealDanielW3: Sancho had a higher transfer fee than haaland, is on higher wages than haaland and also signed a 5 year contract. Wherâ€¦",0.0,1.0,0.0,0.0,Neutral
82,82,Tobiloba_O,"RT @TheRealDanielW3: Sancho had a higher transfer fee than haaland, is on higher wages than haaland and also signed a 5 year contract. Wherâ€¦",0.0,1.0,0.0,0.0,Neutral
83,83,Almost_Themba,"RT @TheRealDanielW3: Sancho had a higher transfer fee than haaland, is on higher wages than haaland and also signed a 5 year contract. Wherâ€¦",0.0,1.0,0.0,0.0,Neutral
84,84,YW175,"RT @TheRealDanielW3: Sancho had a higher transfer fee than haaland, is on higher wages than haaland and also signed a 5 year contract. Wherâ€¦",0.0,1.0,0.0,0.0,Neutral
85,85,egon_arries,"RT @TheRealDanielW3: Sancho had a higher transfer fee than haaland, is on higher wages than haaland and also signed a 5 year contract. Wherâ€¦",0.0,1.0,0.0,0.0,Neutral
86,86,getmebayo,"RT @TheRealDanielW3: Sancho had a higher transfer fee than haaland, is on higher wages than haaland and also signed a 5 year contract. Wherâ€¦",0.0,1.0,0.0,0.0,Neutral
87,87,ziko014,"RT @TheRealDanielW3: Sancho had a higher transfer fee than haaland, is on higher wages than haaland and also signed a 5 year contract. Wherâ€¦",0.0,1.0,0.0,0.0,Neutral
88,88,Feeney1992x,"RT @TheRealDanielW3: Sancho had a higher transfer fee than haaland, is on higher wages than haaland and also signed a 5 year contract. Wherâ€¦",0.0,1.0,0.0,0.0,Neutral
89,89,Olaetan_,"RT @TheRealDanielW3: Sancho had a higher transfer fee than haaland, is on higher wages than haaland and also signed a 5 year contract. Wherâ€¦",0.0,1.0,0.0,0.0,Neutral
90,90,RAkpotor,"RT @TheRealDanielW3: Sancho had a higher transfer fee than haaland, is on higher wages than haaland and also signed a 5 year contract. Wherâ€¦",0.0,1.0,0.0,0.0,Neutral
91,91,Joe_obrienffc,"RT @TheRealDanielW3: Sancho had a higher transfer fee than haaland, is on higher wages than haaland and also signed a 5 year contract. Wherâ€¦",0.0,1.0,0.0,0.0,Neutral
92,92,FinneyOfwa,"RT @TheRealDanielW3: Sancho had a higher transfer fee than haaland, is on higher wages than haaland and also signed a 5 year contract. Wherâ€¦",0.0,1.0,0.0,0.0,Neutral
93,93,Johan1802,@paulsoxy @JanAageFjortoft When Jadon Sancho came to United last season do you think there was 0 agent fees involved? Also is Jadon Sanco playing for free or something? Weird that they only reported his transfer fee. I've never seen this wages being added to the transfer fee shit,0.4515,0.756,0.095,0.149,Positive
94,94,Capalot1300,"RT @TheRealDanielW3: Sancho had a higher transfer fee than haaland, is on higher wages than haaland and also signed a 5 year contract. Wherâ€¦",0.0,1.0,0.0,0.0,Neutral
95,95,SerMM91,"RT @TheRealDanielW3: Sancho had a higher transfer fee than haaland, is on higher wages than haaland and also signed a 5 year contract. Wherâ€¦",0.0,1.0,0.0,0.0,Neutral
96,96,subbanholic,"RT @TheRealDanielW3: Sancho had a higher transfer fee than haaland, is on higher wages than haaland and also signed a 5 year contract. Wherâ€¦",0.0,1.0,0.0,0.0,Neutral
97,97,HodgsonMk4,"RT @TheRealDanielW3: Sancho had a higher transfer fee than haaland, is on higher wages than haaland and also signed a 5 year contract. Wherâ€¦",0.0,1.0,0.0,0.0,Neutral
98,98,OleBallEnjoyer,"@ggmu4231 If it was indeed was as this installment stuff is being peddled, consider how we're paying Sancho's 73m fee in 5 installments, yet our transfer window was over after signing Sancho and Varane, until 7 became available.",0.0,1.0,0.0,0.0,Neutral
99,99,KpFawehinmi,"RT @TheRealDanielW3: Sancho had a higher transfer fee than haaland, is on higher wages than haaland and also signed a 5 year contract. Wherâ€¦",0.0,1.0,0.0,0.0,Neutral
100,100,Man_CityMan,"RT @TheRealDanielW3: Sancho had a higher transfer fee than haaland, is on higher wages than haaland and also signed a 5 year contract. Wherâ€¦",0.0,1.0,0.0,0.0,Neutral
101,101,Emperor_Gani,"RT @TheRealDanielW3: Sancho had a higher transfer fee than haaland, is on higher wages than haaland and also signed a 5 year contract. Wherâ€¦",0.0,1.0,0.0,0.0,Neutral
102,102,talaalburny,"RT @TheRealDanielW3: Sancho had a higher transfer fee than haaland, is on higher wages than haaland and also signed a 5 year contract. Wherâ€¦",0.0,1.0,0.0,0.0,Neutral
103,103,JesseAlordiah,"RT @TheRealDanielW3: Sancho had a higher transfer fee than haaland, is on higher wages than haaland and also signed a 5 year contract. Wherâ€¦",0.0,1.0,0.0,0.0,Neutral
104,104,a_xaadimloo,"RT @TheRealDanielW3: Sancho had a higher transfer fee than haaland, is on higher wages than haaland and also signed a 5 year contract. Wherâ€¦",0.0,1.0,0.0,0.0,Neutral
105,105,t0mide_,"RT @TheRealDanielW3: Sancho had a higher transfer fee than haaland, is on higher wages than haaland and also signed a 5 year contract. Wherâ€¦",0.0,1.0,0.0,0.0,Neutral
106,106,fogohere,"RT @TheRealDanielW3: Sancho had a higher transfer fee than haaland, is on higher wages than haaland and also signed a 5 year contract. Wherâ€¦",0.0,1.0,0.0,0.0,Neutral
107,107,Ty_Coolan,"RT @TheRealDanielW3: Sancho had a higher transfer fee than haaland, is on higher wages than haaland and also signed a 5 year contract. Wherâ€¦",0.0,1.0,0.0,0.0,Neutral
108,108,JamieForshaw4,"RT @TheRealDanielW3: Sancho had a higher transfer fee than haaland, is on higher wages than haaland and also signed a 5 year contract. Wherâ€¦",0.0,1.0,0.0,0.0,Neutral
109,109,Rxxdot,"RT @TheRealDanielW3: Sancho had a higher transfer fee than haaland, is on higher wages than haaland and also signed a 5 year contract. Wherâ€¦",0.0,1.0,0.0,0.0,Neutral
110,110,freduardoo,"RT @TheRealDanielW3: Sancho had a higher transfer fee than haaland, is on higher wages than haaland and also signed a 5 year contract. Wherâ€¦",0.0,1.0,0.0,0.0,Neutral
111,111,mr_amoah17,"RT @TheRealDanielW3: Sancho had a higher transfer fee than haaland, is on higher wages than haaland and also signed a 5 year contract. Wherâ€¦",0.0,1.0,0.0,0.0,Neutral
112,112,LudweGasela,"RT @TheRealDanielW3: Sancho had a higher transfer fee than haaland, is on higher wages than haaland and also signed a 5 year contract. Wherâ€¦",0.0,1.0,0.0,0.0,Neutral
113,113,Camtweets93,"RT @TheRealDanielW3: Sancho had a higher transfer fee than haaland, is on higher wages than haaland and also signed a 5 year contract. Wherâ€¦",0.0,1.0,0.0,0.0,Neutral
114,114,mithisa_motho,"RT @TheRealDanielW3: Sancho had a higher transfer fee than haaland, is on higher wages than haaland and also signed a 5 year contract. Wherâ€¦",0.0,1.0,0.0,0.0,Neutral
115,115,naffahrudin,"RT @TheRealDanielW3: Sancho had a higher transfer fee than haaland, is on higher wages than haaland and also signed a 5 year contract. Wherâ€¦",0.0,1.0,0.0,0.0,Neutral
116,116,M990SA,"RT @TheRealDanielW3: Sancho had a higher transfer fee than haaland, is on higher wages than haaland and also signed a 5 year contract. Wherâ€¦",0.0,1.0,0.0,0.0,Neutral
117,117,dvngles,"RT @TheRealDanielW3: Sancho had a higher transfer fee than haaland, is on higher wages than haaland and also signed a 5 year contract. Wherâ€¦",0.0,1.0,0.0,0.0,Neutral
118,118,halilintaryk99,"RT @TheRealDanielW3: Sancho had a higher transfer fee than haaland, is on higher wages than haaland and also signed a 5 year contract. Wherâ€¦",0.0,1.0,0.0,0.0,Neutral
119,119,BenzianeK,"RT @TheRealDanielW3: Sancho had a higher transfer fee than haaland, is on higher wages than haaland and also signed a 5 year contract. Wherâ€¦",0.0,1.0,0.0,0.0,Neutral
120,120,getdickoutdave,"RT @TheRealDanielW3: Sancho had a higher transfer fee than haaland, is on higher wages than haaland and also signed a 5 year contract. Wherâ€¦",0.0,1.0,0.0,0.0,Neutral
121,121,ugbede_ng,"RT @TheRealDanielW3: Sancho had a higher transfer fee than haaland, is on higher wages than haaland and also signed a 5 year contract. Wherâ€¦",0.0,1.0,0.0,0.0,Neutral
122,122,SyedDaniaal,"RT @TheRealDanielW3: Sancho had a higher transfer fee than haaland, is on higher wages than haaland and also signed a 5 year contract. Wherâ€¦",0.0,1.0,0.0,0.0,Neutral
123,123,YAMII_SAMAA,"RT @TheRealDanielW3: Sancho had a higher transfer fee than haaland, is on higher wages than haaland and also signed a 5 year contract. Wherâ€¦",0.0,1.0,0.0,0.0,Neutral
124,124,SifaEmoh,"RT @TheRealDanielW3: Sancho had a higher transfer fee than haaland, is on higher wages than haaland and also signed a 5 year contract. Wherâ€¦",0.0,1.0,0.0,0.0,Neutral
125,125,FrankPL23,"RT @TheRealDanielW3: Sancho had a higher transfer fee than haaland, is on higher wages than haaland and also signed a 5 year contract. Wherâ€¦",0.0,1.0,0.0,0.0,Neutral
126,126,ikari__j,"RT @TheRealDanielW3: Sancho had a higher transfer fee than haaland, is on higher wages than haaland and also signed a 5 year contract. Wherâ€¦",0.0,1.0,0.0,0.0,Neutral
127,127,CentHQ_,"RT @TheRealDanielW3: Sancho had a higher transfer fee than haaland, is on higher wages than haaland and also signed a 5 year contract. Wherâ€¦",0.0,1.0,0.0,0.0,Neutral
128,128,UnMijis,"@Aruldddd So we count transfer and agent fees, potential bonus and the wages of a 5 year contract for Haaland but only transfer fee for Sancho? Lol",0.714,0.794,0.0,0.206,Positive
129,129,enock3665,"RT @TheRealDanielW3: Sancho had a higher transfer fee than haaland, is on higher wages than haaland and also signed a 5 year contract. Wherâ€¦",0.0,1.0,0.0,0.0,Neutral
130,130,FiniTweets,"RT @TheRealDanielW3: Sancho had a higher transfer fee than haaland, is on higher wages than haaland and also signed a 5 year contract. Wherâ€¦",0.0,1.0,0.0,0.0,Neutral
131,131,Haruna__Shehu,"RT @TheRealDanielW3: Sancho had a higher transfer fee than haaland, is on higher wages than haaland and also signed a 5 year contract. Wherâ€¦",0.0,1.0,0.0,0.0,Neutral
132,132,khan03_08_2002,"RT @TheRealDanielW3: Sancho had a higher transfer fee than haaland, is on higher wages than haaland and also signed a 5 year contract. Wherâ€¦",0.0,1.0,0.0,0.0,Neutral
133,133,devratios,"RT @TheRealDanielW3: Sancho had a higher transfer fee than haaland, is on higher wages than haaland and also signed a 5 year contract. Wherâ€¦",0.0,1.0,0.0,0.0,Neutral
134,134,cedric_4real,"RT @TheRealDanielW3: Sancho had a higher transfer fee than haaland, is on higher wages than haaland and also signed a 5 year contract. Wherâ€¦",0.0,1.0,0.0,0.0,Neutral
135,135,jamcasj,"RT @TheRealDanielW3: Sancho had a higher transfer fee than haaland, is on higher wages than haaland and also signed a 5 year contract. Wherâ€¦",0.0,1.0,0.0,0.0,Neutral
136,136,heisrahman,"RT @TheRealDanielW3: Sancho had a higher transfer fee than haaland, is on higher wages than haaland and also signed a 5 year contract. Wherâ€¦",0.0,1.0,0.0,0.0,Neutral
137,137,WhoIsUmvr,"RT @TheRealDanielW3: Sancho had a higher transfer fee than haaland, is on higher wages than haaland and also signed a 5 year contract. Wherâ€¦",0.0,1.0,0.0,0.0,Neutral
138,138,DavidDeSouza07,"RT @TheRealDanielW3: Sancho had a higher transfer fee than haaland, is on higher wages than haaland and also signed a 5 year contract. Wherâ€¦",0.0,1.0,0.0,0.0,Neutral
139,139,Curtixxx_,"RT @TheRealDanielW3: Sancho had a higher transfer fee than haaland, is on higher wages than haaland and also signed a 5 year contract. Wherâ€¦",0.0,1.0,0.0,0.0,Neutral
140,140,LaniAjibike,"RT @TheRealDanielW3: Sancho had a higher transfer fee than haaland, is on higher wages than haaland and also signed a 5 year contract. Wherâ€¦",0.0,1.0,0.0,0.0,Neutral
141,141,omotayor_,"RT @TheRealDanielW3: Sancho had a higher transfer fee than haaland, is on higher wages than haaland and also signed a 5 year contract. Wherâ€¦",0.0,1.0,0.0,0.0,Neutral
142,142,Siyanda_Sibiya1,"RT @TheRealDanielW3: Sancho had a higher transfer fee than haaland, is on higher wages than haaland and also signed a 5 year contract. Wherâ€¦",0.0,1.0,0.0,0.0,Neutral
143,143,findingdhany,"RT @TheRealDanielW3: Sancho had a higher transfer fee than haaland, is on higher wages than haaland and also signed a 5 year contract. Wherâ€¦",0.0,1.0,0.0,0.0,Neutral
144,144,iamsolabode,"RT @TheRealDanielW3: Sancho had a higher transfer fee than haaland, is on higher wages than haaland and also signed a 5 year contract. Wherâ€¦",0.0,1.0,0.0,0.0,Neutral
145,145,mason99isback,"RT @TheRealDanielW3: Sancho had a higher transfer fee than haaland, is on higher wages than haaland and also signed a 5 year contract. Wherâ€¦",0.0,1.0,0.0,0.0,Neutral
146,146,el_jugo8,"RT @TheRealDanielW3: Sancho had a higher transfer fee than haaland, is on higher wages than haaland and also signed a 5 year contract. Wherâ€¦",0.0,1.0,0.0,0.0,Neutral
147,147,ManLikeLeOo,"RT @TheRealDanielW3: Sancho had a higher transfer fee than haaland, is on higher wages than haaland and also signed a 5 year contract. Wherâ€¦",0.0,1.0,0.0,0.0,Neutral
148,148,viido7,"RT @TheRealDanielW3: Sancho had a higher transfer fee than haaland, is on higher wages than haaland and also signed a 5 year contract. Wherâ€¦",0.0,1.0,0.0,0.0,Neutral
149,149,adamcardy29,"RT @TheRealDanielW3: Sancho had a higher transfer fee than haaland, is on higher wages than haaland and also signed a 5 year contract. Wherâ€¦",0.0,1.0,0.0,0.0,Neutral
150,150,kenechukwu___,"RT @TheRealDanielW3: Sancho had a higher transfer fee than haaland, is on higher wages than haaland and also signed a 5 year contract. Wherâ€¦",0.0,1.0,0.0,0.0,Neutral
151,151,Cheikh2306_,"RT @TheRealDanielW3: Sancho had a higher transfer fee than haaland, is on higher wages than haaland and also signed a 5 year contract. Wherâ€¦",0.0,1.0,0.0,0.0,Neutral
152,152,teeknx,"RT @TheRealDanielW3: Sancho had a higher transfer fee than haaland, is on higher wages than haaland and also signed a 5 year contract. Wherâ€¦",0.0,1.0,0.0,0.0,Neutral
153,153,fawaaz_sanni,"RT @TheRealDanielW3: Sancho had a higher transfer fee than haaland, is on higher wages than haaland and also signed a 5 year contract. Wherâ€¦",0.0,1.0,0.0,0.0,Neutral
154,154,ayo_AAO,"RT @TheRealDanielW3: Sancho had a higher transfer fee than haaland, is on higher wages than haaland and also signed a 5 year contract. Wherâ€¦",0.0,1.0,0.0,0.0,Neutral
155,155,wurtabj,"RT @TheRealDanielW3: Sancho had a higher transfer fee than haaland, is on higher wages than haaland and also signed a 5 year contract. Wherâ€¦",0.0,1.0,0.0,0.0,Neutral
156,156,MattyEavesy24,"RT @TheRealDanielW3: Sancho had a higher transfer fee than haaland, is on higher wages than haaland and also signed a 5 year contract. Wherâ€¦",0.0,1.0,0.0,0.0,Neutral
157,157,JBraggaaa,"RT @TheRealDanielW3: Sancho had a higher transfer fee than haaland, is on higher wages than haaland and also signed a 5 year contract. Wherâ€¦",0.0,1.0,0.0,0.0,Neutral
158,158,Phislash,"RT @TheRealDanielW3: Sancho had a higher transfer fee than haaland, is on higher wages than haaland and also signed a 5 year contract. Wherâ€¦",0.0,1.0,0.0,0.0,Neutral
159,159,wildoation1,"RT @TheRealDanielW3: Sancho had a higher transfer fee than haaland, is on higher wages than haaland and also signed a 5 year contract. Wherâ€¦",0.0,1.0,0.0,0.0,Neutral
160,160,lukeb96,"RT @TheRealDanielW3: Sancho had a higher transfer fee than haaland, is on higher wages than haaland and also signed a 5 year contract. Wherâ€¦",0.0,1.0,0.0,0.0,Neutral
161,161,SadiqMalami3,"RT @TheRealDanielW3: Sancho had a higher transfer fee than haaland, is on higher wages than haaland and also signed a 5 year contract. Wherâ€¦",0.0,1.0,0.0,0.0,Neutral
162,162,Grand__Master_M,"RT @TheRealDanielW3: Sancho had a higher transfer fee than haaland, is on higher wages than haaland and also signed a 5 year contract. Wherâ€¦",0.0,1.0,0.0,0.0,Neutral
163,163,dnlsykrnz,"RT @TheRealDanielW3: Sancho had a higher transfer fee than haaland, is on higher wages than haaland and also signed a 5 year contract. Wherâ€¦",0.0,1.0,0.0,0.0,Neutral
164,164,Rihabtweets,"RT @TheRealDanielW3: Sancho had a higher transfer fee than haaland, is on higher wages than haaland and also signed a 5 year contract. Wherâ€¦",0.0,1.0,0.0,0.0,Neutral
165,165,M21Xdl,"RT @TheRealDanielW3: Sancho had a higher transfer fee than haaland, is on higher wages than haaland and also signed a 5 year contract. Wherâ€¦",0.0,1.0,0.0,0.0,Neutral
166,166,_joewallace,"RT @TheRealDanielW3: Sancho had a higher transfer fee than haaland, is on higher wages than haaland and also signed a 5 year contract. Wherâ€¦",0.0,1.0,0.0,0.0,Neutral
167,167,yomaynhass,"RT @TheRealDanielW3: Sancho had a higher transfer fee than haaland, is on higher wages than haaland and also signed a 5 year contract. Wherâ€¦",0.0,1.0,0.0,0.0,Neutral
168,168,official_kendam,"RT @TheRealDanielW3: Sancho had a higher transfer fee than haaland, is on higher wages than haaland and also signed a 5 year contract. Wherâ€¦",0.0,1.0,0.0,0.0,Neutral
169,169,WitNeshMe,"RT @TheRealDanielW3: Sancho had a higher transfer fee than haaland, is on higher wages than haaland and also signed a 5 year contract. Wherâ€¦",0.0,1.0,0.0,0.0,Neutral
170,170,iamthebongman,"@cantonadieu @bally03 @ManCity Not 400k, not 450k. That works out at 20m a year x5 years = 100m
Plus 52m = 152m 
Sancho actually cost more.
350k a week and 85m transfer fee. But thats a great deal ðŸ¤£ðŸ¤£ðŸ¤£",0.6249,0.889,0.0,0.111,Positive
171,171,TimmyBlaize2,"RT @TheRealDanielW3: Sancho had a higher transfer fee than haaland, is on higher wages than haaland and also signed a 5 year contract. Wherâ€¦",0.0,1.0,0.0,0.0,Neutral
172,172,95chivs,"RT @TheRealDanielW3: Sancho had a higher transfer fee than haaland, is on higher wages than haaland and also signed a 5 year contract. Wherâ€¦",0.0,1.0,0.0,0.0,Neutral
173,173,pepisbald,"RT @TheRealDanielW3: Sancho had a higher transfer fee than haaland, is on higher wages than haaland and also signed a 5 year contract. Wherâ€¦",0.0,1.0,0.0,0.0,Neutral
174,174,Abdulkadeer1975,"RT @TheRealDanielW3: Sancho had a higher transfer fee than haaland, is on higher wages than haaland and also signed a 5 year contract. Wherâ€¦",0.0,1.0,0.0,0.0,Neutral
175,175,JamesManeely,"RT @TheRealDanielW3: Sancho had a higher transfer fee than haaland, is on higher wages than haaland and also signed a 5 year contract. Wherâ€¦",0.0,1.0,0.0,0.0,Neutral
176,176,Nas_Islam,"RT @TheRealDanielW3: Sancho had a higher transfer fee than haaland, is on higher wages than haaland and also signed a 5 year contract. Wherâ€¦",0.0,1.0,0.0,0.0,Neutral
177,177,Thandsssss,"RT @TheRealDanielW3: Sancho had a higher transfer fee than haaland, is on higher wages than haaland and also signed a 5 year contract. Wherâ€¦",0.0,1.0,0.0,0.0,Neutral
178,178,JakeWBA97,"RT @TheRealDanielW3: Sancho had a higher transfer fee than haaland, is on higher wages than haaland and also signed a 5 year contract. Wherâ€¦",0.0,1.0,0.0,0.0,Neutral
179,179,KG_The_Mbaa,"RT @TheRealDanielW3: Sancho had a higher transfer fee than haaland, is on higher wages than haaland and also signed a 5 year contract. Wherâ€¦",0.0,1.0,0.0,0.0,Neutral
180,180,GodswillOkokon,"RT @TheRealDanielW3: Sancho had a higher transfer fee than haaland, is on higher wages than haaland and also signed a 5 year contract. Wherâ€¦",0.0,1.0,0.0,0.0,Neutral
181,181,Adam88535617,"RT @TheRealDanielW3: Sancho had a higher transfer fee than haaland, is on higher wages than haaland and also signed a 5 year contract. Wherâ€¦",0.0,1.0,0.0,0.0,Neutral
182,182,tuzyorizu,"RT @TheRealDanielW3: Sancho had a higher transfer fee than haaland, is on higher wages than haaland and also signed a 5 year contract. Wherâ€¦",0.0,1.0,0.0,0.0,Neutral
183,183,ReeceEmmo,"RT @TheRealDanielW3: Sancho had a higher transfer fee than haaland, is on higher wages than haaland and also signed a 5 year contract. Wherâ€¦",0.0,1.0,0.0,0.0,Neutral
184,184,rock_star876,"RT @TheRealDanielW3: Sancho had a higher transfer fee than haaland, is on higher wages than haaland and also signed a 5 year contract. Wherâ€¦",0.0,1.0,0.0,0.0,Neutral
185,185,RoronoaZoroSZN,"RT @TheRealDanielW3: Sancho had a higher transfer fee than haaland, is on higher wages than haaland and also signed a 5 year contract. Wherâ€¦",0.0,1.0,0.0,0.0,Neutral
186,186,kathy121255,"RT @TheRealDanielW3: Sancho had a higher transfer fee than haaland, is on higher wages than haaland and also signed a 5 year contract. Wherâ€¦",0.0,1.0,0.0,0.0,Neutral
187,187,AFC_Ryan__,"RT @TheRealDanielW3: Sancho had a higher transfer fee than haaland, is on higher wages than haaland and also signed a 5 year contract. Wherâ€¦",0.0,1.0,0.0,0.0,Neutral
188,188,RRRRRRANQ,"RT @TheRealDanielW3: Sancho had a higher transfer fee than haaland, is on higher wages than haaland and also signed a 5 year contract. Wherâ€¦",0.0,1.0,0.0,0.0,Neutral
189,189,EFCparkender,"RT @TheRealDanielW3: Sancho had a higher transfer fee than haaland, is on higher wages than haaland and also signed a 5 year contract. Wherâ€¦",0.0,1.0,0.0,0.0,Neutral
190,190,hashim2351,"RT @TheRealDanielW3: Sancho had a higher transfer fee than haaland, is on higher wages than haaland and also signed a 5 year contract. Wherâ€¦",0.0,1.0,0.0,0.0,Neutral
191,191,Jacobcarter111,"RT @TheRealDanielW3: Sancho had a higher transfer fee than haaland, is on higher wages than haaland and also signed a 5 year contract. Wherâ€¦",0.0,1.0,0.0,0.0,Neutral
192,192,Kavinaldo_AFC,"RT @TheRealDanielW3: Sancho had a higher transfer fee than haaland, is on higher wages than haaland and also signed a 5 year contract. Wherâ€¦",0.0,1.0,0.0,0.0,Neutral
193,193,Kuriosity19,"RT @TheRealDanielW3: Sancho had a higher transfer fee than haaland, is on higher wages than haaland and also signed a 5 year contract. Wherâ€¦",0.0,1.0,0.0,0.0,Neutral
194,194,capodeimerguez,"RT @TheRealDanielW3: Sancho had a higher transfer fee than haaland, is on higher wages than haaland and also signed a 5 year contract. Wherâ€¦",0.0,1.0,0.0,0.0,Neutral
195,195,aIbiFCB7,"RT @TheRealDanielW3: Sancho had a higher transfer fee than haaland, is on higher wages than haaland and also signed a 5 year contract. Wherâ€¦",0.0,1.0,0.0,0.0,Neutral
196,196,TahitiForlife,"RT @TheRealDanielW3: Sancho had a higher transfer fee than haaland, is on higher wages than haaland and also signed a 5 year contract. Wherâ€¦",0.0,1.0,0.0,0.0,Neutral
197,197,_nigerianjollof,"RT @TheRealDanielW3: Sancho had a higher transfer fee than haaland, is on higher wages than haaland and also signed a 5 year contract. Wherâ€¦",0.0,1.0,0.0,0.0,Neutral
198,198,sundaresa12,"RT @TheRealDanielW3: Sancho had a higher transfer fee than haaland, is on higher wages than haaland and also signed a 5 year contract. Wherâ€¦",0.0,1.0,0.0,0.0,Neutral
199,199,SweenDean,"RT @TheRealDanielW3: Sancho had a higher transfer fee than haaland, is on higher wages than haaland and also signed a 5 year contract. Wherâ€¦",0.0,1.0,0.0,0.0,Neutral
200,200,Rokib_C,"RT @TheRealDanielW3: Sancho had a higher transfer fee than haaland, is on higher wages than haaland and also signed a 5 year contract. Wherâ€¦",0.0,1.0,0.0,0.0,Neutral
201,201,grecianm24,"RT @TheRealDanielW3: Sancho had a higher transfer fee than haaland, is on higher wages than haaland and also signed a 5 year contract. Wherâ€¦",0.0,1.0,0.0,0.0,Neutral
202,202,Stonertrey1,"RT @TheRealDanielW3: Sancho had a higher transfer fee than haaland, is on higher wages than haaland and also signed a 5 year contract. Wherâ€¦",0.0,1.0,0.0,0.0,Neutral
203,203,marcusalex95,"RT @TheRealDanielW3: Sancho had a higher transfer fee than haaland, is on higher wages than haaland and also signed a 5 year contract. Wherâ€¦",0.0,1.0,0.0,0.0,Neutral
204,204,DJdjpollard,"RT @TheRealDanielW3: Sancho had a higher transfer fee than haaland, is on higher wages than haaland and also signed a 5 year contract. Wherâ€¦",0.0,1.0,0.0,0.0,Neutral
205,205,nene_mcfc,"RT @TheRealDanielW3: Sancho had a higher transfer fee than haaland, is on higher wages than haaland and also signed a 5 year contract. Wherâ€¦",0.0,1.0,0.0,0.0,Neutral
206,206,owenmillar_11,"RT @TheRealDanielW3: Sancho had a higher transfer fee than haaland, is on higher wages than haaland and also signed a 5 year contract. Wherâ€¦",0.0,1.0,0.0,0.0,Neutral
207,207,issudununivers,"RT @TheRealDanielW3: Sancho had a higher transfer fee than haaland, is on higher wages than haaland and also signed a 5 year contract. Wherâ€¦",0.0,1.0,0.0,0.0,Neutral
208,208,olansile007,"RT @TheRealDanielW3: Sancho had a higher transfer fee than haaland, is on higher wages than haaland and also signed a 5 year contract. Wherâ€¦",0.0,1.0,0.0,0.0,Neutral
209,209,LeMichaelOsai,"RT @TheRealDanielW3: Sancho had a higher transfer fee than haaland, is on higher wages than haaland and also signed a 5 year contract. Wherâ€¦",0.0,1.0,0.0,0.0,Neutral
210,210,karranzzz,"RT @TheRealDanielW3: Sancho had a higher transfer fee than haaland, is on higher wages than haaland and also signed a 5 year contract. Wherâ€¦",0.0,1.0,0.0,0.0,Neutral
211,211,Gooner0001,"RT @TheRealDanielW3: Sancho had a higher transfer fee than haaland, is on higher wages than haaland and also signed a 5 year contract. Wherâ€¦",0.0,1.0,0.0,0.0,Neutral
212,212,JordanSimpson_,"RT @TheRealDanielW3: Sancho had a higher transfer fee than haaland, is on higher wages than haaland and also signed a 5 year contract. Wherâ€¦",0.0,1.0,0.0,0.0,Neutral
213,213,Lungelo_Wolf,"RT @TheRealDanielW3: Sancho had a higher transfer fee than haaland, is on higher wages than haaland and also signed a 5 year contract. Wherâ€¦",0.0,1.0,0.0,0.0,Neutral
214,214,mcfc03,"RT @TheRealDanielW3: Sancho had a higher transfer fee than haaland, is on higher wages than haaland and also signed a 5 year contract. Wherâ€¦",0.0,1.0,0.0,0.0,Neutral
215,215,ronewa_sit,"RT @TheRealDanielW3: Sancho had a higher transfer fee than haaland, is on higher wages than haaland and also signed a 5 year contract. Wherâ€¦",0.0,1.0,0.0,0.0,Neutral
216,216,YawPerfumedRice,"RT @TheRealDanielW3: Sancho had a higher transfer fee than haaland, is on higher wages than haaland and also signed a 5 year contract. Wherâ€¦",0.0,1.0,0.0,0.0,Neutral
217,217,suaverson,"RT @TheRealDanielW3: Sancho had a higher transfer fee than haaland, is on higher wages than haaland and also signed a 5 year contract. Wherâ€¦",0.0,1.0,0.0,0.0,Neutral
218,218,DixonCider____,"RT @TheRealDanielW3: Sancho had a higher transfer fee than haaland, is on higher wages than haaland and also signed a 5 year contract. Wherâ€¦",0.0,1.0,0.0,0.0,Neutral
219,219,dela_de_nye,"RT @TheRealDanielW3: Sancho had a higher transfer fee than haaland, is on higher wages than haaland and also signed a 5 year contract. Wherâ€¦",0.0,1.0,0.0,0.0,Neutral
220,220,tommyoconnor_,"RT @TheRealDanielW3: Sancho had a higher transfer fee than haaland, is on higher wages than haaland and also signed a 5 year contract. Wherâ€¦",0.0,1.0,0.0,0.0,Neutral
221,221,DrTSquare,"RT @TheRealDanielW3: Sancho had a higher transfer fee than haaland, is on higher wages than haaland and also signed a 5 year contract. Wherâ€¦",0.0,1.0,0.0,0.0,Neutral
222,222,heywoodAFC,"RT @TheRealDanielW3: Sancho had a higher transfer fee than haaland, is on higher wages than haaland and also signed a 5 year contract. Wherâ€¦",0.0,1.0,0.0,0.0,Neutral
223,223,AgyemangKay,"RT @TheRealDanielW3: Sancho had a higher transfer fee than haaland, is on higher wages than haaland and also signed a 5 year contract. Wherâ€¦",0.0,1.0,0.0,0.0,Neutral
224,224,benmaher1991,"RT @TheRealDanielW3: Sancho had a higher transfer fee than haaland, is on higher wages than haaland and also signed a 5 year contract. Wherâ€¦",0.0,1.0,0.0,0.0,Neutral
225,225,arsenalftw,"RT @TheRealDanielW3: Sancho had a higher transfer fee than haaland, is on higher wages than haaland and also signed a 5 year contract. Wherâ€¦",0.0,1.0,0.0,0.0,Neutral
226,226,RaheemTheDrea20,"RT @TheRealDanielW3: Sancho had a higher transfer fee than haaland, is on higher wages than haaland and also signed a 5 year contract. Wherâ€¦",0.0,1.0,0.0,0.0,Neutral
227,227,blvkie_,"RT @TheRealDanielW3: Sancho had a higher transfer fee than haaland, is on higher wages than haaland and also signed a 5 year contract. Wherâ€¦",0.0,1.0,0.0,0.0,Neutral
228,228,big_tezzs,"RT @TheRealDanielW3: Sancho had a higher transfer fee than haaland, is on higher wages than haaland and also signed a 5 year contract. Wherâ€¦",0.0,1.0,0.0,0.0,Neutral
229,229,KTArmstrong24,"RT @TheRealDanielW3: Sancho had a higher transfer fee than haaland, is on higher wages than haaland and also signed a 5 year contract. Wherâ€¦",0.0,1.0,0.0,0.0,Neutral
230,230,Joelmattip_,"RT @TheRealDanielW3: Sancho had a higher transfer fee than haaland, is on higher wages than haaland and also signed a 5 year contract. Wherâ€¦",0.0,1.0,0.0,0.0,Neutral
231,231,1Fahdmoh,"RT @TheRealDanielW3: Sancho had a higher transfer fee than haaland, is on higher wages than haaland and also signed a 5 year contract. Wherâ€¦",0.0,1.0,0.0,0.0,Neutral
232,232,kageso_dejudgeI,"RT @TheRealDanielW3: Sancho had a higher transfer fee than haaland, is on higher wages than haaland and also signed a 5 year contract. Wherâ€¦",0.0,1.0,0.0,0.0,Neutral
233,233,TejaLaKisauni,"RT @TheRealDanielW3: Sancho had a higher transfer fee than haaland, is on higher wages than haaland and also signed a 5 year contract. Wherâ€¦",0.0,1.0,0.0,0.0,Neutral
234,234,CFCBurt89,"RT @TheRealDanielW3: Sancho had a higher transfer fee than haaland, is on higher wages than haaland and also signed a 5 year contract. Wherâ€¦",0.0,1.0,0.0,0.0,Neutral
235,235,bwwfc3,"RT @TheRealDanielW3: Sancho had a higher transfer fee than haaland, is on higher wages than haaland and also signed a 5 year contract. Wherâ€¦",0.0,1.0,0.0,0.0,Neutral
236,236,MickyAntonio9,"RT @TheRealDanielW3: Sancho had a higher transfer fee than haaland, is on higher wages than haaland and also signed a 5 year contract. Wherâ€¦",0.0,1.0,0.0,0.0,Neutral
237,237,_haalandhive,"RT @TheRealDanielW3: Sancho had a higher transfer fee than haaland, is on higher wages than haaland and also signed a 5 year contract. Wherâ€¦",0.0,1.0,0.0,0.0,Neutral
238,238,Palatao_Bola,"RT @TheRealDanielW3: Sancho had a higher transfer fee than haaland, is on higher wages than haaland and also signed a 5 year contract. Wherâ€¦",0.0,1.0,0.0,0.0,Neutral
239,239,SOI__95,"RT @TheRealDanielW3: Sancho had a higher transfer fee than haaland, is on higher wages than haaland and also signed a 5 year contract. Wherâ€¦",0.0,1.0,0.0,0.0,Neutral
240,240,HaydonLDN2,"RT @TheRealDanielW3: Sancho had a higher transfer fee than haaland, is on higher wages than haaland and also signed a 5 year contract. Wherâ€¦",0.0,1.0,0.0,0.0,Neutral
241,241,fearghalydon,"RT @TheRealDanielW3: Sancho had a higher transfer fee than haaland, is on higher wages than haaland and also signed a 5 year contract. Wherâ€¦",0.0,1.0,0.0,0.0,Neutral
242,242,mcfc_yashay,"RT @TheRealDanielW3: Sancho had a higher transfer fee than haaland, is on higher wages than haaland and also signed a 5 year contract. Wherâ€¦",0.0,1.0,0.0,0.0,Neutral
243,243,Tebxtso,"RT @TheRealDanielW3: Sancho had a higher transfer fee than haaland, is on higher wages than haaland and also signed a 5 year contract. Wherâ€¦",0.0,1.0,0.0,0.0,Neutral
244,244,ejide_michael,"RT @TheRealDanielW3: Sancho had a higher transfer fee than haaland, is on higher wages than haaland and also signed a 5 year contract. Wherâ€¦",0.0,1.0,0.0,0.0,Neutral
245,245,ShivaVaragandhi,"RT @TheRealDanielW3: Sancho had a higher transfer fee than haaland, is on higher wages than haaland and also signed a 5 year contract. Wherâ€¦",0.0,1.0,0.0,0.0,Neutral
246,246,Hedonist2412,"RT @TheRealDanielW3: Sancho had a higher transfer fee than haaland, is on higher wages than haaland and also signed a 5 year contract. Wherâ€¦",0.0,1.0,0.0,0.0,Neutral
247,247,Lio_Nathan,"RT @TheRealDanielW3: Sancho had a higher transfer fee than haaland, is on higher wages than haaland and also signed a 5 year contract. Wherâ€¦",0.0,1.0,0.0,0.0,Neutral
248,248,Aloziee29,"RT @TheRealDanielW3: Sancho had a higher transfer fee than haaland, is on higher wages than haaland and also signed a 5 year contract. Wherâ€¦",0.0,1.0,0.0,0.0,Neutral
249,249,rainycarp,"RT @TheRealDanielW3: Sancho had a higher transfer fee than haaland, is on higher wages than haaland and also signed a 5 year contract. Wherâ€¦",0.0,1.0,0.0,0.0,Neutral
250,250,vho_Makhitha,"RT @TheRealDanielW3: Sancho had a higher transfer fee than haaland, is on higher wages than haaland and also signed a 5 year contract. Wherâ€¦",0.0,1.0,0.0,0.0,Neutral
251,251,aymaustin,"RT @TheRealDanielW3: Sancho had a higher transfer fee than haaland, is on higher wages than haaland and also signed a 5 year contract. Wherâ€¦",0.0,1.0,0.0,0.0,Neutral
252,252,blaise_99,"RT @TheRealDanielW3: Sancho had a higher transfer fee than haaland, is on higher wages than haaland and also signed a 5 year contract. Wherâ€¦",0.0,1.0,0.0,0.0,Neutral
253,253,KevinDurant7_,"RT @TheRealDanielW3: Sancho had a higher transfer fee than haaland, is on higher wages than haaland and also signed a 5 year contract. Wherâ€¦",0.0,1.0,0.0,0.0,Neutral
254,254,senjuxuchiha,"RT @TheRealDanielW3: Sancho had a higher transfer fee than haaland, is on higher wages than haaland and also signed a 5 year contract. Wherâ€¦",0.0,1.0,0.0,0.0,Neutral
255,255,TO_Ldn_Mcr,"RT @TheRealDanielW3: Sancho had a higher transfer fee than haaland, is on higher wages than haaland and also signed a 5 year contract. Wherâ€¦",0.0,1.0,0.0,0.0,Neutral
256,256,Feranmi_1,"RT @TheRealDanielW3: Sancho had a higher transfer fee than haaland, is on higher wages than haaland and also signed a 5 year contract. Wherâ€¦",0.0,1.0,0.0,0.0,Neutral
257,257,marvell_rebecca,"RT @TheRealDanielW3: Sancho had a higher transfer fee than haaland, is on higher wages than haaland and also signed a 5 year contract. Wherâ€¦",0.0,1.0,0.0,0.0,Neutral
258,258,Benzinh0,"RT @TheRealDanielW3: Sancho had a higher transfer fee than haaland, is on higher wages than haaland and also signed a 5 year contract. Wherâ€¦",0.0,1.0,0.0,0.0,Neutral
259,259,TheNormalOne33,"RT @TheRealDanielW3: Sancho had a higher transfer fee than haaland, is on higher wages than haaland and also signed a 5 year contract. Wherâ€¦",0.0,1.0,0.0,0.0,Neutral
260,260,MedleyDave,"RT @TheRealDanielW3: Sancho had a higher transfer fee than haaland, is on higher wages than haaland and also signed a 5 year contract. Wherâ€¦",0.0,1.0,0.0,0.0,Neutral
261,261,khayyamovic,"RT @TheRealDanielW3: Sancho had a higher transfer fee than haaland, is on higher wages than haaland and also signed a 5 year contract. Wherâ€¦",0.0,1.0,0.0,0.0,Neutral
262,262,MarveyNeche,"RT @TheRealDanielW3: Sancho had a higher transfer fee than haaland, is on higher wages than haaland and also signed a 5 year contract. Wherâ€¦",0.0,1.0,0.0,0.0,Neutral
263,263,saraTHecaptain,"RT @TheRealDanielW3: Sancho had a higher transfer fee than haaland, is on higher wages than haaland and also signed a 5 year contract. Wherâ€¦",0.0,1.0,0.0,0.0,Neutral
264,264,_max110,"RT @TheRealDanielW3: Sancho had a higher transfer fee than haaland, is on higher wages than haaland and also signed a 5 year contract. Wherâ€¦",0.0,1.0,0.0,0.0,Neutral
265,265,NotReaIlySure,"RT @TheRealDanielW3: Sancho had a higher transfer fee than haaland, is on higher wages than haaland and also signed a 5 year contract. Wherâ€¦",0.0,1.0,0.0,0.0,Neutral
266,266,MadMagicianMax,"RT @TheRealDanielW3: Sancho had a higher transfer fee than haaland, is on higher wages than haaland and also signed a 5 year contract. Wherâ€¦",0.0,1.0,0.0,0.0,Neutral
267,267,philwalton10,"RT @TheRealDanielW3: Sancho had a higher transfer fee than haaland, is on higher wages than haaland and also signed a 5 year contract. Wherâ€¦",0.0,1.0,0.0,0.0,Neutral
268,268,Fai_aj32,"RT @TheRealDanielW3: Sancho had a higher transfer fee than haaland, is on higher wages than haaland and also signed a 5 year contract. Wherâ€¦",0.0,1.0,0.0,0.0,Neutral
269,269,Scoyzz,"RT @TheRealDanielW3: Sancho had a higher transfer fee than haaland, is on higher wages than haaland and also signed a 5 year contract. Wherâ€¦",0.0,1.0,0.0,0.0,Neutral
270,270,Lungelo_Luigi,"RT @TheRealDanielW3: Sancho had a higher transfer fee than haaland, is on higher wages than haaland and also signed a 5 year contract. Wherâ€¦",0.0,1.0,0.0,0.0,Neutral
271,271,liederletsoalo,"RT @TheRealDanielW3: Sancho had a higher transfer fee than haaland, is on higher wages than haaland and also signed a 5 year contract. Wherâ€¦",0.0,1.0,0.0,0.0,Neutral
272,272,TheRealMoh23,"RT @TheRealDanielW3: Sancho had a higher transfer fee than haaland, is on higher wages than haaland and also signed a 5 year contract. Wherâ€¦",0.0,1.0,0.0,0.0,Neutral
273,273,gregwhittaker7,"RT @TheRealDanielW3: Sancho had a higher transfer fee than haaland, is on higher wages than haaland and also signed a 5 year contract. Wherâ€¦",0.0,1.0,0.0,0.0,Neutral
274,274,archiedearie,"RT @TheRealDanielW3: Sancho had a higher transfer fee than haaland, is on higher wages than haaland and also signed a 5 year contract. Wherâ€¦",0.0,1.0,0.0,0.0,Neutral
275,275,ErasmusAgbo,"RT @TheRealDanielW3: Sancho had a higher transfer fee than haaland, is on higher wages than haaland and also signed a 5 year contract. Wherâ€¦",0.0,1.0,0.0,0.0,Neutral
276,276,Skery_GH,"RT @TheRealDanielW3: Sancho had a higher transfer fee than haaland, is on higher wages than haaland and also signed a 5 year contract. Wherâ€¦",0.0,1.0,0.0,0.0,Neutral
277,277,stiffchocolate5,"RT @TheRealDanielW3: Sancho had a higher transfer fee than haaland, is on higher wages than haaland and also signed a 5 year contract. Wherâ€¦",0.0,1.0,0.0,0.0,Neutral
278,278,Timbah_,"RT @TheRealDanielW3: Sancho had a higher transfer fee than haaland, is on higher wages than haaland and also signed a 5 year contract. Wherâ€¦",0.0,1.0,0.0,0.0,Neutral
279,279,musiimeoscar1,"RT @TheRealDanielW3: Sancho had a higher transfer fee than haaland, is on higher wages than haaland and also signed a 5 year contract. Wherâ€¦",0.0,1.0,0.0,0.0,Neutral
280,280,CallumLee1606,"RT @TheRealDanielW3: Sancho had a higher transfer fee than haaland, is on higher wages than haaland and also signed a 5 year contract. Wherâ€¦",0.0,1.0,0.0,0.0,Neutral
281,281,2kbarn3s,"RT @TheRealDanielW3: Sancho had a higher transfer fee than haaland, is on higher wages than haaland and also signed a 5 year contract. Wherâ€¦",0.0,1.0,0.0,0.0,Neutral
282,282,life_of_bryan_,"RT @TheRealDanielW3: Sancho had a higher transfer fee than haaland, is on higher wages than haaland and also signed a 5 year contract. Wherâ€¦",0.0,1.0,0.0,0.0,Neutral
283,283,stere0hype,"RT @TheRealDanielW3: Sancho had a higher transfer fee than haaland, is on higher wages than haaland and also signed a 5 year contract. Wherâ€¦",0.0,1.0,0.0,0.0,Neutral
284,284,JonW1995,"RT @TheRealDanielW3: Sancho had a higher transfer fee than haaland, is on higher wages than haaland and also signed a 5 year contract. Wherâ€¦",0.0,1.0,0.0,0.0,Neutral
285,285,bobby_kwaku,"RT @TheRealDanielW3: Sancho had a higher transfer fee than haaland, is on higher wages than haaland and also signed a 5 year contract. Wherâ€¦",0.0,1.0,0.0,0.0,Neutral
286,286,jume__,"RT @TheRealDanielW3: Sancho had a higher transfer fee than haaland, is on higher wages than haaland and also signed a 5 year contract. Wherâ€¦",0.0,1.0,0.0,0.0,Neutral
287,287,Bashir__Gamawa,"RT @TheRealDanielW3: Sancho had a higher transfer fee than haaland, is on higher wages than haaland and also signed a 5 year contract. Wherâ€¦",0.0,1.0,0.0,0.0,Neutral
288,288,Joshuadunn__,"RT @TheRealDanielW3: Sancho had a higher transfer fee than haaland, is on higher wages than haaland and also signed a 5 year contract. Wherâ€¦",0.0,1.0,0.0,0.0,Neutral
289,289,Fardyantoo,"RT @TheRealDanielW3: Sancho had a higher transfer fee than haaland, is on higher wages than haaland and also signed a 5 year contract. Wherâ€¦",0.0,1.0,0.0,0.0,Neutral
290,290,__wa1877,"RT @TheRealDanielW3: Sancho had a higher transfer fee than haaland, is on higher wages than haaland and also signed a 5 year contract. Wherâ€¦",0.0,1.0,0.0,0.0,Neutral
291,291,John_Fl0w,"RT @TheRealDanielW3: Sancho had a higher transfer fee than haaland, is on higher wages than haaland and also signed a 5 year contract. Wherâ€¦",0.0,1.0,0.0,0.0,Neutral
292,292,SamsGinger,"RT @TheRealDanielW3: Sancho had a higher transfer fee than haaland, is on higher wages than haaland and also signed a 5 year contract. Wherâ€¦",0.0,1.0,0.0,0.0,Neutral
293,293,Nits008,"RT @TheRealDanielW3: Sancho had a higher transfer fee than haaland, is on higher wages than haaland and also signed a 5 year contract. Wherâ€¦",0.0,1.0,0.0,0.0,Neutral
294,294,JackMcManus92,"RT @TheRealDanielW3: Sancho had a higher transfer fee than haaland, is on higher wages than haaland and also signed a 5 year contract. Wherâ€¦",0.0,1.0,0.0,0.0,Neutral
295,295,damiOwati,"RT @TheRealDanielW3: Sancho had a higher transfer fee than haaland, is on higher wages than haaland and also signed a 5 year contract. Wherâ€¦",0.0,1.0,0.0,0.0,Neutral
296,296,lilhammy44,"RT @TheRealDanielW3: Sancho had a higher transfer fee than haaland, is on higher wages than haaland and also signed a 5 year contract. Wherâ€¦",0.0,1.0,0.0,0.0,Neutral
297,297,MuizzLa,"RT @TheRealDanielW3: Sancho had a higher transfer fee than haaland, is on higher wages than haaland and also signed a 5 year contract. Wherâ€¦",0.0,1.0,0.0,0.0,Neutral
298,298,Xoliisa_,"RT @TheRealDanielW3: Sancho had a higher transfer fee than haaland, is on higher wages than haaland and also signed a 5 year contract. Wherâ€¦",0.0,1.0,0.0,0.0,Neutral
299,299,izzy900is,"RT @TheRealDanielW3: Sancho had a higher transfer fee than haaland, is on higher wages than haaland and also signed a 5 year contract. Wherâ€¦",0.0,1.0,0.0,0.0,Neutral
300,300,Tshepsit_e,"RT @TheRealDanielW3: Sancho had a higher transfer fee than haaland, is on higher wages than haaland and also signed a 5 year contract. Wherâ€¦",0.0,1.0,0.0,0.0,Neutral
301,301,Lagnane,"RT @TheRealDanielW3: Sancho had a higher transfer fee than haaland, is on higher wages than haaland and also signed a 5 year contract. Wherâ€¦",0.0,1.0,0.0,0.0,Neutral
302,302,BennittoLindani,"RT @TheRealDanielW3: Sancho had a higher transfer fee than haaland, is on higher wages than haaland and also signed a 5 year contract. Wherâ€¦",0.0,1.0,0.0,0.0,Neutral
303,303,Y_chupe,"RT @TheRealDanielW3: Sancho had a higher transfer fee than haaland, is on higher wages than haaland and also signed a 5 year contract. Wherâ€¦",0.0,1.0,0.0,0.0,Neutral
304,304,Siphe_Rubushe,"RT @TheRealDanielW3: Sancho had a higher transfer fee than haaland, is on higher wages than haaland and also signed a 5 year contract. Wherâ€¦",0.0,1.0,0.0,0.0,Neutral
305,305,WHOIS2NGO,"RT @TheRealDanielW3: Sancho had a higher transfer fee than haaland, is on higher wages than haaland and also signed a 5 year contract. Wherâ€¦",0.0,1.0,0.0,0.0,Neutral
306,306,smiiith10,"RT @TheRealDanielW3: Sancho had a higher transfer fee than haaland, is on higher wages than haaland and also signed a 5 year contract. Wherâ€¦",0.0,1.0,0.0,0.0,Neutral
307,307,__KosisoChukwu,"RT @TheRealDanielW3: Sancho had a higher transfer fee than haaland, is on higher wages than haaland and also signed a 5 year contract. Wherâ€¦",0.0,1.0,0.0,0.0,Neutral
308,308,TheAdebisi8,"RT @TheRealDanielW3: Sancho had a higher transfer fee than haaland, is on higher wages than haaland and also signed a 5 year contract. Wherâ€¦",0.0,1.0,0.0,0.0,Neutral
309,309,Aidennnnnn_,"RT @TheRealDanielW3: Sancho had a higher transfer fee than haaland, is on higher wages than haaland and also signed a 5 year contract. Wherâ€¦",0.0,1.0,0.0,0.0,Neutral
310,310,PaulMcGee,"RT @TheRealDanielW3: Sancho had a higher transfer fee than haaland, is on higher wages than haaland and also signed a 5 year contract. Wherâ€¦",0.0,1.0,0.0,0.0,Neutral
311,311,grandhustle0,"RT @TheRealDanielW3: Sancho had a higher transfer fee than haaland, is on higher wages than haaland and also signed a 5 year contract. Wherâ€¦",0.0,1.0,0.0,0.0,Neutral
312,312,_ashrafz,"RT @TheRealDanielW3: Sancho had a higher transfer fee than haaland, is on higher wages than haaland and also signed a 5 year contract. Wherâ€¦",0.0,1.0,0.0,0.0,Neutral
313,313,whucharlie_,"RT @TheRealDanielW3: Sancho had a higher transfer fee than haaland, is on higher wages than haaland and also signed a 5 year contract. Wherâ€¦",0.0,1.0,0.0,0.0,Neutral
314,314,afnaaaannn,"RT @TheRealDanielW3: Sancho had a higher transfer fee than haaland, is on higher wages than haaland and also signed a 5 year contract. Wherâ€¦",0.0,1.0,0.0,0.0,Neutral
315,315,CityBoyzUp,"RT @TheRealDanielW3: Sancho had a higher transfer fee than haaland, is on higher wages than haaland and also signed a 5 year contract. Wherâ€¦",0.0,1.0,0.0,0.0,Neutral
316,316,wanashraff_,"RT @TheRealDanielW3: Sancho had a higher transfer fee than haaland, is on higher wages than haaland and also signed a 5 year contract. Wherâ€¦",0.0,1.0,0.0,0.0,Neutral
317,317,dollarpapii,"RT @TheRealDanielW3: Sancho had a higher transfer fee than haaland, is on higher wages than haaland and also signed a 5 year contract. Wherâ€¦",0.0,1.0,0.0,0.0,Neutral
318,318,Khaloud_123,"RT @TheRealDanielW3: Sancho had a higher transfer fee than haaland, is on higher wages than haaland and also signed a 5 year contract. Wherâ€¦",0.0,1.0,0.0,0.0,Neutral
319,319,DaROYALemperor,"RT @TheRealDanielW3: Sancho had a higher transfer fee than haaland, is on higher wages than haaland and also signed a 5 year contract. Wherâ€¦",0.0,1.0,0.0,0.0,Neutral
320,320,stocksandcity,"RT @TheRealDanielW3: Sancho had a higher transfer fee than haaland, is on higher wages than haaland and also signed a 5 year contract. Wherâ€¦",0.0,1.0,0.0,0.0,Neutral
321,321,JoeJR98,"RT @TheRealDanielW3: Sancho had a higher transfer fee than haaland, is on higher wages than haaland and also signed a 5 year contract. Wherâ€¦",0.0,1.0,0.0,0.0,Neutral
322,322,Juwon_AD,"RT @TheRealDanielW3: Sancho had a higher transfer fee than haaland, is on higher wages than haaland and also signed a 5 year contract. Wherâ€¦",0.0,1.0,0.0,0.0,Neutral
323,323,callmezaiii,"RT @TheRealDanielW3: Sancho had a higher transfer fee than haaland, is on higher wages than haaland and also signed a 5 year contract. Wherâ€¦",0.0,1.0,0.0,0.0,Neutral
324,324,kkeke_sam,"RT @TheRealDanielW3: Sancho had a higher transfer fee than haaland, is on higher wages than haaland and also signed a 5 year contract. Wherâ€¦",0.0,1.0,0.0,0.0,Neutral
325,325,KentStadulis,"RT @TheRealDanielW3: Sancho had a higher transfer fee than haaland, is on higher wages than haaland and also signed a 5 year contract. Wherâ€¦",0.0,1.0,0.0,0.0,Neutral
326,326,El_Pibe_de_Oro9,"RT @TheRealDanielW3: Sancho had a higher transfer fee than haaland, is on higher wages than haaland and also signed a 5 year contract. Wherâ€¦",0.0,1.0,0.0,0.0,Neutral
327,327,semauguela,"RT @TheRealDanielW3: Sancho had a higher transfer fee than haaland, is on higher wages than haaland and also signed a 5 year contract. Wherâ€¦",0.0,1.0,0.0,0.0,Neutral
328,328,dsaltyphrases,"RT @TheRealDanielW3: Sancho had a higher transfer fee than haaland, is on higher wages than haaland and also signed a 5 year contract. Wherâ€¦",0.0,1.0,0.0,0.0,Neutral
329,329,Luxfordinho,"RT @TheRealDanielW3: Sancho had a higher transfer fee than haaland, is on higher wages than haaland and also signed a 5 year contract. Wherâ€¦",0.0,1.0,0.0,0.0,Neutral
330,330,OGBK12,"RT @TheRealDanielW3: Sancho had a higher transfer fee than haaland, is on higher wages than haaland and also signed a 5 year contract. Wherâ€¦",0.0,1.0,0.0,0.0,Neutral
331,331,Olumuyiwa__,"RT @TheRealDanielW3: Sancho had a higher transfer fee than haaland, is on higher wages than haaland and also signed a 5 year contract. Wherâ€¦",0.0,1.0,0.0,0.0,Neutral
332,332,AmarKalirai,"RT @TheRealDanielW3: Sancho had a higher transfer fee than haaland, is on higher wages than haaland and also signed a 5 year contract. Wherâ€¦",0.0,1.0,0.0,0.0,Neutral
333,333,umargullomaa,"RT @TheRealDanielW3: Sancho had a higher transfer fee than haaland, is on higher wages than haaland and also signed a 5 year contract. Wherâ€¦",0.0,1.0,0.0,0.0,Neutral
334,334,yxngblvck,"RT @TheRealDanielW3: Sancho had a higher transfer fee than haaland, is on higher wages than haaland and also signed a 5 year contract. Wherâ€¦",0.0,1.0,0.0,0.0,Neutral
335,335,manlikecoded,"RT @TheRealDanielW3: Sancho had a higher transfer fee than haaland, is on higher wages than haaland and also signed a 5 year contract. Wherâ€¦",0.0,1.0,0.0,0.0,Neutral
336,336,HopeMasilela20,"RT @TheRealDanielW3: Sancho had a higher transfer fee than haaland, is on higher wages than haaland and also signed a 5 year contract. Wherâ€¦",0.0,1.0,0.0,0.0,Neutral
337,337,_crany,"RT @TheRealDanielW3: Sancho had a higher transfer fee than haaland, is on higher wages than haaland and also signed a 5 year contract. Wherâ€¦",0.0,1.0,0.0,0.0,Neutral
338,338,EzyChris97,"RT @TheRealDanielW3: Sancho had a higher transfer fee than haaland, is on higher wages than haaland and also signed a 5 year contract. Wherâ€¦",0.0,1.0,0.0,0.0,Neutral
339,339,alaminNahuche,"RT @TheRealDanielW3: Sancho had a higher transfer fee than haaland, is on higher wages than haaland and also signed a 5 year contract. Wherâ€¦",0.0,1.0,0.0,0.0,Neutral
340,340,_Y_D_K_M_,"RT @TheRealDanielW3: Sancho had a higher transfer fee than haaland, is on higher wages than haaland and also signed a 5 year contract. Wherâ€¦",0.0,1.0,0.0,0.0,Neutral
341,341,Jabstar1999,"RT @TheRealDanielW3: Sancho had a higher transfer fee than haaland, is on higher wages than haaland and also signed a 5 year contract. Wherâ€¦",0.0,1.0,0.0,0.0,Neutral
342,342,aherne_ross,"RT @TheRealDanielW3: Sancho had a higher transfer fee than haaland, is on higher wages than haaland and also signed a 5 year contract. Wherâ€¦",0.0,1.0,0.0,0.0,Neutral
343,343,mia00__,"RT @TheRealDanielW3: Sancho had a higher transfer fee than haaland, is on higher wages than haaland and also signed a 5 year contract. Wherâ€¦",0.0,1.0,0.0,0.0,Neutral
344,344,bnud_,"RT @TheRealDanielW3: Sancho had a higher transfer fee than haaland, is on higher wages than haaland and also signed a 5 year contract. Wherâ€¦",0.0,1.0,0.0,0.0,Neutral
345,345,LS1hack,"RT @TheRealDanielW3: Sancho had a higher transfer fee than haaland, is on higher wages than haaland and also signed a 5 year contract. Wherâ€¦",0.0,1.0,0.0,0.0,Neutral
346,346,umile_mchunu,"RT @TheRealDanielW3: Sancho had a higher transfer fee than haaland, is on higher wages than haaland and also signed a 5 year contract. Wherâ€¦",0.0,1.0,0.0,0.0,Neutral
347,347,Paggy1_,"RT @TheRealDanielW3: Sancho had a higher transfer fee than haaland, is on higher wages than haaland and also signed a 5 year contract. Wherâ€¦",0.0,1.0,0.0,0.0,Neutral
348,348,MattKing_15,"RT @TheRealDanielW3: Sancho had a higher transfer fee than haaland, is on higher wages than haaland and also signed a 5 year contract. Wherâ€¦",0.0,1.0,0.0,0.0,Neutral
349,349,Liam31194058,"RT @TheRealDanielW3: Sancho had a higher transfer fee than haaland, is on higher wages than haaland and also signed a 5 year contract. Wherâ€¦",0.0,1.0,0.0,0.0,Neutral
350,350,sosobtfs4,"RT @TheRealDanielW3: Sancho had a higher transfer fee than haaland, is on higher wages than haaland and also signed a 5 year contract. Wherâ€¦",0.0,1.0,0.0,0.0,Neutral
351,351,BTaylxr99,@TheRealDanielW3 157 million Sancho's transfer fee overall,0.0,1.0,0.0,0.0,Neutral
352,352,PaulSwampyMarsh,"RT @TheRealDanielW3: Sancho had a higher transfer fee than haaland, is on higher wages than haaland and also signed a 5 year contract. Wherâ€¦",0.0,1.0,0.0,0.0,Neutral
353,353,Marty_Wagstaff,"RT @TheRealDanielW3: Sancho had a higher transfer fee than haaland, is on higher wages than haaland and also signed a 5 year contract. Wherâ€¦",0.0,1.0,0.0,0.0,Neutral
354,354,JoeypMCFC,"RT @TheRealDanielW3: Sancho had a higher transfer fee than haaland, is on higher wages than haaland and also signed a 5 year contract. Wherâ€¦",0.0,1.0,0.0,0.0,Neutral
355,355,NipHolmes,"RT @TheRealDanielW3: Sancho had a higher transfer fee than haaland, is on higher wages than haaland and also signed a 5 year contract. Wherâ€¦",0.0,1.0,0.0,0.0,Neutral
356,356,Ashleyheslop2,"RT @TheRealDanielW3: Sancho had a higher transfer fee than haaland, is on higher wages than haaland and also signed a 5 year contract. Wherâ€¦",0.0,1.0,0.0,0.0,Neutral
357,357,ans16_,"RT @abooker17: ~ Some Premier League players that cost more than the Â£51M transfer fee for Erling Haaland ~

â€¢Paul Pogba 
â€¢Fred
â€¢Jadon Sancâ€¦",0.0,1.0,0.0,0.0,Neutral
358,358,iamthebongman,"@TiiiimmyS @Leroy45914372 @Tgarratt10 @footballdaily @SkyKaveh Sancho is 350k a week which is 18.9m a yr
X5 = 94.5m
Plus 73m Transfer Fee = 163.5m 
Haaland is 375k which is 20.2m a yr
X5 = 101m
Plus 51m Transfer Fee = 152m 
Sancho is more ludicrous considering his quality.",-0.4201,0.935,0.065,0.0,Negative
359,359,Bilalyo33809381,"RT @abooker17: ~ Some Premier League players that cost more than the Â£51M transfer fee for Erling Haaland ~

â€¢Paul Pogba 
â€¢Fred
â€¢Jadon Sancâ€¦",0.0,1.0,0.0,0.0,Neutral
360,360,hssn_123,"RT @TheRealDanielW3: Sancho had a higher transfer fee than haaland, is on higher wages than haaland and also signed a 5 year contract. Wherâ€¦",0.0,1.0,0.0,0.0,Neutral
361,361,_shreyanmufc_,@TheRealDanielW3 And had a higher transfer fee than haland because Dortmund were delaying the inevitable and tried to hold on to him as sancho didn't enter his last year still.,0.0,1.0,0.0,0.0,Neutral
362,362,MattSF1994,"RT @abooker17: ~ Some Premier League players that cost more than the Â£51M transfer fee for Erling Haaland ~

â€¢Paul Pogba 
â€¢Fred
â€¢Jadon Sancâ€¦",0.0,1.0,0.0,0.0,Neutral
363,363,cittizin20,"RT @TheRealDanielW3: Sancho had a higher transfer fee than haaland, is on higher wages than haaland and also signed a 5 year contract. Wherâ€¦",0.0,1.0,0.0,0.0,Neutral
364,364,harry_artour,"RT @TheRealDanielW3: Sancho had a higher transfer fee than haaland, is on higher wages than haaland and also signed a 5 year contract. Wherâ€¦",0.0,1.0,0.0,0.0,Neutral
365,365,JimC95mcfc,"RT @abooker17: ~ Some Premier League players that cost more than the Â£51M transfer fee for Erling Haaland ~

â€¢Paul Pogba 
â€¢Fred
â€¢Jadon Sancâ€¦",0.0,1.0,0.0,0.0,Neutral
366,366,UlisesMur4,"RT @TheRealDanielW3: Sancho had a higher transfer fee than haaland, is on higher wages than haaland and also signed a 5 year contract. Wherâ€¦",0.0,1.0,0.0,0.0,Neutral
367,367,MARGesterCity,"RT @TheRealDanielW3: Sancho had a higher transfer fee than haaland, is on higher wages than haaland and also signed a 5 year contract. Wherâ€¦",0.0,1.0,0.0,0.0,Neutral
368,368,koffyrhema,"RT @TheRealDanielW3: Sancho had a higher transfer fee than haaland, is on higher wages than haaland and also signed a 5 year contract. Wherâ€¦",0.0,1.0,0.0,0.0,Neutral
369,369,dzulqhayril,"RT @TheRealDanielW3: Sancho had a higher transfer fee than haaland, is on higher wages than haaland and also signed a 5 year contract. Wherâ€¦",0.0,1.0,0.0,0.0,Neutral
370,370,ItsKanov2,"RT @abooker17: ~ Some Premier League players that cost more than the Â£51M transfer fee for Erling Haaland ~

â€¢Paul Pogba 
â€¢Fred
â€¢Jadon Sancâ€¦",0.0,1.0,0.0,0.0,Neutral
371,371,VaraneUcl,"@_Jack227 @GraemeKelly1 @JohyanCruyff If u had seen the vid, the 250m is transfer fee + wages + agent fees + commission, so Sancho would also be 250m , he has higher transfer fee and similar wages",0.0,1.0,0.0,0.0,Neutral
372,372,Jordan_dbe,"RT @TheRealDanielW3: Sancho had a higher transfer fee than haaland, is on higher wages than haaland and also signed a 5 year contract. Wherâ€¦",0.0,1.0,0.0,0.0,Neutral
373,373,Tom_RyanJ,"RT @TheRealDanielW3: Sancho had a higher transfer fee than haaland, is on higher wages than haaland and also signed a 5 year contract. Wherâ€¦",0.0,1.0,0.0,0.0,Neutral
374,374,jlane7_,"RT @TheRealDanielW3: Sancho had a higher transfer fee than haaland, is on higher wages than haaland and also signed a 5 year contract. Wherâ€¦",0.0,1.0,0.0,0.0,Neutral
375,375,saadbinatif3,@_agha_94 @flying_biceps @footballdaily @SkyKaveh @hirstclass @polballus Please show me one that has been reported in depth like this one by this @SkyKaveh. Iâ€™ll wait. Didnâ€™t even once mention how Sancho would cost over 250m by the end of his contract. It was just the transfer fee and wages. He even got the fee wrong for Haaland by 13mÂ£â€™s ðŸ˜‚,0.1779,0.874,0.049,0.076,Positive
376,376,FreakGreek45,"RT @abooker17: ~ Some Premier League players that cost more than the Â£51M transfer fee for Erling Haaland ~

â€¢Paul Pogba 
â€¢Fred
â€¢Jadon Sancâ€¦",0.0,1.0,0.0,0.0,Neutral
377,377,mannix200,@SoTerriblyTired @UtdAlen @__Manveer Bro your not serious name one English player that is worthy of their transfer fee Declan rice - 100m maguire-80m sancho-75m Grealsih-100m ðŸ’€ðŸ’€ðŸ’€,0.4805,0.848,0.0,0.152,Positive
378,378,Robbo4MCFC,"RT @abooker17: ~ Some Premier League players that cost more than the Â£51M transfer fee for Erling Haaland ~

â€¢Paul Pogba 
â€¢Fred
â€¢Jadon Sancâ€¦",0.0,1.0,0.0,0.0,Neutral
379,379,Bento_Kanaan,"RT @TheRealDanielW3: Sancho had a higher transfer fee than haaland, is on higher wages than haaland and also signed a 5 year contract. Wherâ€¦",0.0,1.0,0.0,0.0,Neutral
380,380,D4NNY_F0X,"RT @abooker17: ~ Some Premier League players that cost more than the Â£51M transfer fee for Erling Haaland ~

â€¢Paul Pogba 
â€¢Fred
â€¢Jadon Sancâ€¦",0.0,1.0,0.0,0.0,Neutral
381,381,GStefanopoulos,"Itâ€™s only getting worse for #ManUtd 
Now Erling Haaland will be torturing the club for the next 5yrs+
#ManCity will pay a fee of $60M to Dortmund and a wage fee of $375K a week.. A STEAL!!
United paid a combine $200M in transfer fees + paying Sancho $395K/
Maguire $315K per wk",-0.8811,0.726,0.225,0.048,Negative
382,382,MisterAfrica,@trentlaa @AmosMurphy_ Sancho used to play for city. He got sold to dortmund. And there was a sell on clause. Meaning they get a percentage fee of any other transfer Sancho goes through after his dortmund stint. You get?,0.34,0.938,0.0,0.062,Positive
383,383,Ch4hine,"RT @TheRealDanielW3: Sancho had a higher transfer fee than haaland, is on higher wages than haaland and also signed a 5 year contract. Wherâ€¦",0.0,1.0,0.0,0.0,Neutral
384,384,DDemauricio,"RT @TheRealDanielW3: Sancho had a higher transfer fee than haaland, is on higher wages than haaland and also signed a 5 year contract. Wherâ€¦",0.0,1.0,0.0,0.0,Neutral
385,385,City9320_,"RT @TheRealDanielW3: Sancho had a higher transfer fee than haaland, is on higher wages than haaland and also signed a 5 year contract. Wherâ€¦",0.0,1.0,0.0,0.0,Neutral
386,386,prmikes,"@Sjopinion10 Why do you always have to insult people. @trevor8sinclair is not a clown. Contrast MSM reporting EH transfer with Sancho's. Whenever it is City the fee, wages over contract, agents cut etc get added in. Fair enough if other clubs deals reported in same way. But not the caseðŸ¤”",-0.4767,0.857,0.101,0.043,Negative
387,387,kylemcfc2003,"RT @TheRealDanielW3: Sancho had a higher transfer fee than haaland, is on higher wages than haaland and also signed a 5 year contract. Wherâ€¦",0.0,1.0,0.0,0.0,Neutral
388,388,realfcbculer,"RT @TheRealDanielW3: Sancho had a higher transfer fee than haaland, is on higher wages than haaland and also signed a 5 year contract. Wherâ€¦",0.0,1.0,0.0,0.0,Neutral
389,389,seanybonyronny,"RT @TheRealDanielW3: Sancho had a higher transfer fee than haaland, is on higher wages than haaland and also signed a 5 year contract. Wherâ€¦",0.0,1.0,0.0,0.0,Neutral
390,390,geoffism,@ManUtdMEN And a transfer fee that is HALF of what Utd paid for Sancho.,0.0,1.0,0.0,0.0,Neutral
391,391,chu_kevinn,"RT @TheRealDanielW3: Sancho had a higher transfer fee than haaland, is on higher wages than haaland and also signed a 5 year contract. Wherâ€¦",0.0,1.0,0.0,0.0,Neutral
392,392,Pilkunnussija9,"RT @TheRealDanielW3: Sancho had a higher transfer fee than haaland, is on higher wages than haaland and also signed a 5 year contract. Wherâ€¦",0.0,1.0,0.0,0.0,Neutral
393,393,jefferypounds2,"Haaland transfer fee covered by sale of Ferran Torres! Alvarez transfer more than paid for by sale of Perro and Sancho. That is great business.  Need to seek 2 attackers (between Jesus, Mahrez or Sterling)  and add DM and RB.  Paid for with above mentioned sales.  Great business",0.6996,0.783,0.066,0.151,Positive
394,394,transfers_i,"RT @abooker17: ~ Some Premier League players that cost more than the Â£51M transfer fee for Erling Haaland ~

â€¢Paul Pogba 
â€¢Fred
â€¢Jadon Sancâ€¦",0.0,1.0,0.0,0.0,Neutral
395,395,NSNO19811,"@TheSagar7 @_ataas_ @FabrizioRomano Yeah, probably no agent fee's, signing on fee's or wages in the Sancho deal...

Great deal United got, just paying the transfer fee and not a penny more!",0.8016,0.692,0.059,0.25,Positive
396,396,imvishalsingh02,"@DavidDaveiw01 @FabrizioRomano Mate, I was just generally curious to know how come he accepted all these lower wages and at same time BVB too accepted the lower transfer fee. And TF I do care about Sancho and Pogba, they're on 500k approx... what's there to explain.",0.6486,0.729,0.084,0.186,Positive
397,397,mybaim_,"RT @abooker17: ~ Some Premier League players that cost more than the Â£51M transfer fee for Erling Haaland ~

â€¢Paul Pogba 
â€¢Fred
â€¢Jadon Sancâ€¦",0.0,1.0,0.0,0.0,Neutral
398,398,robogden11,"RT @abooker17: ~ Some Premier League players that cost more than the Â£51M transfer fee for Erling Haaland ~

â€¢Paul Pogba 
â€¢Fred
â€¢Jadon Sancâ€¦",0.0,1.0,0.0,0.0,Neutral
399,399,CJ_MCFC,"@moschino1989 @TelegraphDucker Grealish: Â£100 million transfer fee (this includes all add ons and fees) with a 6-year contract for Â£300,000 (15.6 million per year). Total cost of 193.6 million. Sanchoâ€™s deal cost United Â£194.56 million. Also, City received 15% of the Sancho deal due to sell on clause. Enjoy",0.7184,0.885,0.0,0.115,Positive
400,400,stramblerasa,"RT @TheRealDanielW3: Sancho had a higher transfer fee than haaland, is on higher wages than haaland and also signed a 5 year contract. Wherâ€¦",0.0,1.0,0.0,0.0,Neutral
401,401,M_DHassaN,"RT @TheRealDanielW3: Sancho had a higher transfer fee than haaland, is on higher wages than haaland and also signed a 5 year contract. Wherâ€¦",0.0,1.0,0.0,0.0,Neutral
402,402,1969_lfc,So City have bought Haaland so what. You could of called that transfer 2 years ago. The transfer fee is low when you compare to what Sancho cost. I don't understand why he's in the same ball park as KDB but again Id argue the same about Sancho. I'd of feared Kane more tbh,-0.8381,0.846,0.154,0.0,Negative
403,403,Erlipson6,"RT @TheRealDanielW3: Sancho had a higher transfer fee than haaland, is on higher wages than haaland and also signed a 5 year contract. Wherâ€¦",0.0,1.0,0.0,0.0,Neutral
404,404,cjkms98,"RT @abooker17: ~ Some Premier League players that cost more than the Â£51M transfer fee for Erling Haaland ~

â€¢Paul Pogba 
â€¢Fred
â€¢Jadon Sancâ€¦",0.0,1.0,0.0,0.0,Neutral
405,405,iNhlamulo_,"Some Premier League players that cost more than the Â£51M transfer fee for Erling Haaland 

â€¢Paul Pogba 
â€¢Fred
â€¢Jadon Sancho
â€¢Harry Maguire 

Hayyy United ðŸ˜‚",0.4215,0.891,0.0,0.109,Positive
406,406,MelvinS7ven,"Hold up, BVB lay down like a bitch &amp; accepted a lower fee than release? ðŸ˜…ðŸ˜… 

Woodward &amp; Judge were beyond useless. Getting hustled in the Sancho transfer.

https://t.co/2t9uZta6jj",-0.6369,0.621,0.249,0.13,Negative
407,407,CordreyPaul,"@O1Olamiji Honestly, the transfer fee is only one component and with this transfer the wages, bonus and agents fees are next level. So he will cost a lot more over 5 years than Sancho. Adding together the commitment is more relevant when looking at who costs more.",0.8442,0.822,0.0,0.178,Positive
408,408,alex_salom4,"RT @TheRealDanielW3: Sancho had a higher transfer fee than haaland, is on higher wages than haaland and also signed a 5 year contract. Wherâ€¦",0.0,1.0,0.0,0.0,Neutral
409,409,DavidHartley21,"RT @abooker17: ~ Some Premier League players that cost more than the Â£51M transfer fee for Erling Haaland ~

â€¢Paul Pogba 
â€¢Fred
â€¢Jadon Sancâ€¦",0.0,1.0,0.0,0.0,Neutral
410,410,AndrewDettmer,"RT @abooker17: ~ Some Premier League players that cost more than the Â£51M transfer fee for Erling Haaland ~

â€¢Paul Pogba 
â€¢Fred
â€¢Jadon Sancâ€¦",0.0,1.0,0.0,0.0,Neutral
411,411,matts_408,"RT @abooker17: ~ Some Premier League players that cost more than the Â£51M transfer fee for Erling Haaland ~

â€¢Paul Pogba 
â€¢Fred
â€¢Jadon Sancâ€¦",0.0,1.0,0.0,0.0,Neutral
412,412,abooker17,"~ Some Premier League players that cost more than the Â£51M transfer fee for Erling Haaland ~

â€¢Paul Pogba 
â€¢Fred
â€¢Jadon Sancho
â€¢Harry Maguire 
â€¢Nicolas Pepe
â€¢Kepa
â€¢Angel Di Maria
â€¢Alvaro Morata
â€¢Romelu Lukaku (x2)
â€¢P.E. Aubameyang
â€¢Christian Pulisic
â€¢Tanguay Ndombele",0.0,1.0,0.0,0.0,Neutral
413,413,Remysenpaii,"RT @TheRealDanielW3: Sancho had a higher transfer fee than haaland, is on higher wages than haaland and also signed a 5 year contract. Wherâ€¦",0.0,1.0,0.0,0.0,Neutral
414,414,dcornicello14,"RT @TheRealDanielW3: Sancho had a higher transfer fee than haaland, is on higher wages than haaland and also signed a 5 year contract. Wherâ€¦",0.0,1.0,0.0,0.0,Neutral
415,415,maxbrandon1412,"RT @TheRealDanielW3: Sancho had a higher transfer fee than haaland, is on higher wages than haaland and also signed a 5 year contract. Wherâ€¦",0.0,1.0,0.0,0.0,Neutral
416,416,MCFCGabster,@MPBFirmino9 weâ€™re getting him for a fee less than sancho and hes getting paid less wages than sancho. literally any other club pays that and theyâ€™d start sucking them off for how good of a deal it isðŸ¤£ when have u ever seen them add wages and bonuses into any transfer?,0.7579,0.876,0.0,0.124,Positive
417,417,crymbuso,"RT @TheRealDanielW3: Sancho had a higher transfer fee than haaland, is on higher wages than haaland and also signed a 5 year contract. Wherâ€¦",0.0,1.0,0.0,0.0,Neutral
418,418,shubhamjtanna,"RT @TheRealDanielW3: Sancho had a higher transfer fee than haaland, is on higher wages than haaland and also signed a 5 year contract. Wherâ€¦",0.0,1.0,0.0,0.0,Neutral
419,419,BruceBrucito,"RT @TheRealDanielW3: Sancho had a higher transfer fee than haaland, is on higher wages than haaland and also signed a 5 year contract. Wherâ€¦",0.0,1.0,0.0,0.0,Neutral
420,420,mada_kraa1,"RT @TheRealDanielW3: Sancho had a higher transfer fee than haaland, is on higher wages than haaland and also signed a 5 year contract. Wherâ€¦",0.0,1.0,0.0,0.0,Neutral
421,421,BrautJR,"RT @TheRealDanielW3: Sancho had a higher transfer fee than haaland, is on higher wages than haaland and also signed a 5 year contract. Wherâ€¦",0.0,1.0,0.0,0.0,Neutral
422,422,Mahrez_sznn,"RT @TheRealDanielW3: Sancho had a higher transfer fee than haaland, is on higher wages than haaland and also signed a 5 year contract. Wherâ€¦",0.0,1.0,0.0,0.0,Neutral
423,423,TheRealDanielW3,"Sancho had a higher transfer fee than haaland, is on higher wages than haaland and also signed a 5 year contract. Where was this energy for him? https://t.co/qWrmeqUVd9",0.3346,0.91,0.0,0.09,Positive
424,424,T0XIClava,@ManCity20896749 @Sporf @FabrizioRomano Less wages than sancho and less transfer fee,0.0,1.0,0.0,0.0,Neutral
425,425,City9320_,"Neymar Â£199.8m + agent fees 
Â£606k-a-week
Mâ€™bappe Â£130.5m + a.f
Â£413k-a-week
Lukaku Â£101.7m + a.f
Â£325k-a-week
Sancho Â£73m + a.f
Â£350k-a-week

Haaland Â£54m + a.f
Â£385k-a-week

21yo Top 3 Striker in the world. 
Who cares if the a.f are double the transfer fee. Still a BARGAIN!!!! https://t.co/wlo9dAorIN",0.7156,0.864,0.0,0.136,Positive
426,426,CJ_MCFC,"@rushabhmody You are correct. Grealish total cost of Â£193.6 million. Sanchoâ€™s deal cost United Â£194.56 million. Also, City received 15% of the Sancho transfer fee due to sell on clause.",0.4215,0.912,0.0,0.088,Positive
427,427,CJ_MCFC,"@SParinjani Yea no problem! Â£100 million transfer fee (this includes all add ons and fees) with a 6-year contract for Â£300,000 (15.6 million per year). Total cost of 193.6 million. Sanchoâ€™s deal cost United Â£194.56 million. Also, City received 15% of the Sancho deal due to sell on clause.",-0.3382,0.849,0.098,0.053,Negative
428,428,Johan1802,"@UnitedJoe99 @SteTudor123 @JackDavidNash Wait a minute, They never mentioned the fact that Riola got 40mil from the pogba deal, they also didnt include his wages, it was always just the transfer fee that was talked about. Same with Sancho, i never once saw them add his wages to make the transfer look inflated?",0.0,1.0,0.0,0.0,Neutral
429,429,Jonah_MUFC,"@TelegraphDucker I don't remember many transfers being reported ""wages over 5 yrs"" cause if that's the case we had Pogba, Sancho,Maguire and so with transfer fee + wages costs a lot more than we heard.",0.0,1.0,0.0,0.0,Neutral
430,430,rahuldinesh97,"@django2598 He did cost almost 150mil.
350k per week leads to almost 75 mil for 5 yrs. His transfer fee is another 60 to 75 mil. So it adds upto 150mil. But all you hear is Sancho costs only 60mil. While for halland it shows 250 mil ðŸ¤·ðŸ¤·",0.0,1.0,0.0,0.0,Neutral
431,431,Jonesy666Uk,@MCFCTone Sancho has got to be around the same or even more considering the actual transfer fee being so much higher than Haalandâ€¦ but we didnâ€™t hear that did we and sure Sky and the rest even quoted that fee as lower than it was. Gotta love the hate we get ðŸ˜‚ðŸ˜‚,0.2263,0.743,0.122,0.135,Positive
432,432,andyleg66,"@kjannati @SamWallaceTel @Paulpatty @TelegraphDucker No mate it's the incinderay reporting of a transfer fee that in the ludicrous world of football is a bargain. He is costing less than Maguire, Sancho, Pogba, Alison, Van Dyke, Grealish, Mahrez, Lukaku &amp; he is one of the 2 most in demand players in the world. That's the story!!!",-0.6761,0.84,0.129,0.031,Negative
433,433,iam_bayode,"@Swudy10 @protecturright @LouieDi13 He definitely won't be earning the same wage with debruyne. But what am just trying to point out is the English media bias towards city, bco when Chelsea signed lukaku or when man u signed Sancho, it was only their transfer fee that was reported, the add ons and agent fee wasnt.",0.3182,0.927,0.025,0.048,Positive
434,434,D_Dunne2,"@SamWallaceTel @Paulpatty @TelegraphDucker Thereâ€™s no issues with him announcing the full cost of the whole lot including transfer fee, wages, agent fees, flights, meal deal etc as long as he does it for the likes of United and Liverpool too, which he doesnâ€™t. Apparently Sancho was just Â£77m and he doesnâ€™t get paid wages.",0.5267,0.867,0.037,0.095,Positive
435,435,E93Jack,@EPLIndex @TeleFootball @TelegraphDucker @SamWallaceTel @mcgrathmike Sancho annual wage of 18.2million. That over 6 seasons is 109.2 million. Add in the 73 million transfer fee that leaves you a grand total of 182.2 million (without agent fees and bonuses),0.4588,0.921,0.0,0.079,Positive
436,436,chux4w,"I'm not one to cry about media bias, but has anyone else noticed how biased the media is?

(Sancho number is just transfer fee, Haaland number is transfer (ie release clause) plus wages, plus bonuses, plus agent fees. Why the difference when reporting about City?) https://t.co/BzFKxEgBLb",0.7259,0.744,0.072,0.185,Positive
437,437,CornerTweet,"@TelegraphDucker when you report on MU transfers, its never added up, purely transfer fee. now City makes a 75m euros signings, lot less than Sancho, but tis a 200m plus transfer? Sancho transfer must have avoided agent fees, salary, signing bonus etc. or there is certain media agenda?",0.6868,0.798,0.058,0.144,Positive
438,438,MillermanChris,@footballdaily @SkyKaveh Erm same weekly wage as jadon sancho.. cheaper transfer fee.. i dont remember exorbitant fees being mentioned.. there were too many dicks bein sucked over what an amazingly cheap deal it was and how amazing it was all going to be,0.2023,0.855,0.064,0.081,Positive
439,439,MillermanChris,@StatCity Its around 350 a wk.. basically making the deal cheaper than jadon sancho to united.. for a higher transfer fee and same weekly wage,0.0,1.0,0.0,0.0,Neutral
440,440,Priceless_BS20,"@BernardoTouch Thatâ€™s less than:
Lakaka
Pogba
And Sancho ffs

Iâ€™m actually impressed, yes agent fees are part of it, but thatâ€™s still insane for a standard transfer fee",-0.4678,0.7,0.181,0.119,Negative
441,441,klassic_kb,Sancho is on 350k a week 80m transfer fee and a 6 year deal but they never said anything like this,-0.395,0.864,0.136,0.0,Negative
442,442,dhanvi31,"@chasin_mo When you bought him from derby, they put a sell on clause which basically means that if you ever sold him the future, 20% of the transfer fee would go to derby (much how we indirectly paid city for Sancho) but now liverpool have paid derby money and removed the clause",0.0,1.0,0.0,0.0,Neutral
443,443,j_okoth_,"@Itiswinny I watched the guy in PSG 
He has improved but I still think heâ€™s very overrated just like Sancho and Werner.
The maximum fee for him should be 40. 
Sadly there are not many options in the transfer market so heâ€™ll get his big money move.",0.249,0.817,0.072,0.111,Positive
444,444,Lewisassim,"@GoonerInDetroit It's really funny. Anyone who understands football knows the transfer fee is only part of the overall picture. You also have wages, commercial uplift, sell on value and performance. 

How's Sancho and Varane looking now? Asking for a mate....",0.6801,0.869,0.0,0.131,Positive
445,445,den_jw,"@TheLondonSmoke Objectively speaking, apart from Sancho, CR7, Fernandes when he's played in his natural 10 slot and the goalie, there's not one of the team who would command the kind of fee that allowed the new manager to rebuild on the back of transfer fees. Even Rashford would only be Â£20-25m",0.5994,0.909,0.0,0.091,Positive
446,446,tsula18,RT @LoucasAndreou2: @RedorDead07 @ManUtdFanKe @Sport_Witness Don't know why l am bothering answering this just as much as you are botheringâ€¦,-0.3818,0.874,0.126,0.0,Negative
447,447,LoucasAndreou2,"@RedorDead07 @ManUtdFanKe @Sport_Witness Don't know why l am bothering answering this just as much as you are bothering tweeting it but l will try
AWB transfer fee.....what?
MAGUIRE transfer fee....what?
SANCHO transfer fee...what?
OSIMHEN.......give us a break...Solskjaer has gone thank god",0.5913,0.772,0.082,0.146,Positive
448,448,Chambo_afc,"@DamianW2016 @FabrizioRomano @utdreport You wanna talk about money?

Ronaldo is on 500k a week, sancho &amp; varane are on 350k a week each aswell.

Arsenal signed 6 new players with the 150m they spend. But all on low wages.

Signing new playere is not just about the transfer fee lmao

You are so clueless mate",-0.1132,0.841,0.092,0.067,Negative
449,449,izy_MUN,"@ZNeymar98 @CompsACM The transfer fee of a player isnâ€™t determined after they sign itâ€™s determined when they sign. Considering sanchoâ€™s age,ability, and stats at Dortmund 73m was a steal",0.1531,0.75,0.1,0.15,Positive
450,450,izy_MUN,@ZNeymar98 @CompsACM Sancho transfer fee wasnâ€™t over pay by any stretch of the imagination,-0.1027,0.903,0.097,0.0,Negative
